family,seed,alpha,window,hours,base_mae,corrected_mae,mae_improvement,mean_base_residual,applied_bias
sarimax,42,0.0,1,168,28.432098416029618,28.432098416029618,0.0,17.01605708211263,0.0
sarimax,42,0.0,2,168,25.146523249186917,25.146523249186917,0.0,21.18474473117078,0.0
sarimax,42,0.0,3,168,12.327993265961435,12.327993265961439,-3.552713678800501e-15,-3.4642635622783486,0.0
sarimax,42,0.0,4,168,11.957914258708305,11.957914258708305,0.0,10.75858118911456,0.0
sarimax,42,0.0,5,168,29.369976334246196,29.369976334246196,0.0,14.525614634861494,0.0
sarimax,42,0.0,6,168,8.58487813262943,8.58487813262943,0.0,-0.746273147752286,0.0
sarimax,42,0.0,7,168,69.22714774721362,69.22714774721362,0.0,64.21520742923994,0.0
sarimax,42,0.0,8,120,37.37536348653462,37.37536348653462,0.0,10.771407250829194,0.0
sarimax,42,0.0,9,168,34.063831319707866,34.063831319707866,0.0,15.485705229509941,0.0
sarimax,42,0.0,10,168,20.65798894079569,20.65798894079569,0.0,-5.709281008252243,0.0
sarimax,42,0.0,11,120,11.085766397184926,11.085766397184928,-1.7763568394002505e-15,-6.753098124266434,0.0
sarimax,42,0.0,12,48,38.35984125324159,38.35984125324159,0.0,30.79131969575694,0.0
sarimax,42,0.0,13,168,33.74750182836097,33.74750182836097,0.0,27.333937538838644,0.0
sarimax,42,0.0,14,144,44.17921123286703,44.17921123286703,0.0,43.98469260578169,0.0
sarimax,42,0.0,15,168,32.43618381530321,32.43618381530322,-7.105427357601002e-15,29.23308776370677,0.0
sarimax,42,0.0,16,168,17.970918135788303,17.970918135788303,0.0,16.38699114419549,0.0
sarimax,42,0.0,17,168,34.796208939347736,34.79620893934773,7.105427357601002e-15,29.826584366094927,0.0
sarimax,42,0.0,18,168,44.29640361703738,44.29640361703738,0.0,41.04164760630239,0.0
sarimax,42,0.0,19,168,51.081067314848596,51.0810673148486,-7.105427357601002e-15,37.586278095466646,0.0
sarimax,42,0.0,20,168,37.69093062236899,37.69093062236899,0.0,31.733417276701434,0.0
sarimax,42,0.0,21,168,43.53504608634605,43.53504608634606,-7.105427357601002e-15,11.268793662948237,0.0
sarimax,42,0.0,22,168,29.471913346645426,29.471913346645426,0.0,-5.053642840649551,0.0
sarimax,42,0.0,23,168,9.34754861773036,9.347548617730363,-1.7763568394002505e-15,-1.068722859600361,0.0
sarimax,42,0.1,1,168,28.432098416029618,28.432098416029618,0.0,17.01605708211263,0.0
sarimax,42,0.1,2,168,25.146523249186917,24.043844337285623,1.1026789119012932,21.18474473117078,1.7016057082112632
sarimax,42,0.1,3,168,12.327993265961435,12.566797389260714,-0.23880412329927836,-3.4642635622783486,3.649919610507215
sarimax,42,0.1,4,168,11.957914258708305,9.98756970516549,1.970344553542816,10.75858118911456,2.9385012932286587
sarimax,42,0.1,5,168,29.369976334246196,27.997616594857057,1.3723597393891396,14.525614634861494,3.720509282817249
sarimax,42,0.1,6,168,8.58487813262943,9.07973228123972,-0.49485414861028865,-0.746273147752286,4.801019818021674
sarimax,42,0.1,7,168,69.22714774721362,66.75578677655677,2.4713609706568462,64.21520742923994,4.246290521444278
sarimax,42,0.1,8,120,37.37536348653462,37.99580400502596,-0.6204405184913426,10.771407250829194,10.243182212223845
sarimax,42,0.1,9,168,34.063831319707866,37.16035536130248,-3.0965240415946127,15.485705229509941,10.29600471608438
sarimax,42,0.1,10,168,20.65798894079569,25.66975294584655,-5.0117640050508605,-5.709281008252243,10.814974767426936
sarimax,42,0.1,11,120,11.085766397184926,16.71985211121902,-5.634085714034093,-6.753098124266434,9.16254918985902
sarimax,42,0.1,12,48,38.35984125324159,36.60849044819505,1.7513508050465418,30.79131969575694,7.570984458446475
sarimax,42,0.1,13,168,33.74750182836097,27.207070798134666,6.540431030226301,27.333937538838644,9.893017982177522
sarimax,42,0.1,14,144,44.17921123286703,36.08904465931212,8.09016657355491,43.98469260578169,11.637109937843634
sarimax,42,0.1,15,168,32.43618381530321,28.98790672403748,3.44827709126573,29.23308776370677,14.87186820463744
sarimax,42,0.1,16,168,17.970918135788303,13.226041803166364,4.7448763326219385,16.38699114419549,16.307990160544374
sarimax,42,0.1,17,168,34.796208939347736,30.641500859612783,4.154708079734952,29.826584366094927,16.315890258909487
sarimax,42,0.1,18,168,44.29640361703738,36.900765433221665,7.395638183815713,41.04164760630239,17.66695966962803
sarimax,42,0.1,19,168,51.081067314848596,49.84208437137264,1.2389829434759534,37.586278095466646,20.00442846329547
sarimax,42,0.1,20,168,37.69093062236899,25.59433793614998,12.096592686219008,31.733417276701434,21.762613426512587
sarimax,42,0.1,21,168,43.53504608634605,41.94961902611191,1.5854270602341387,11.268793662948237,22.75969381153147
sarimax,42,0.1,22,168,29.471913346645426,33.048989873582464,-3.577076526937038,-5.053642840649551,21.610603796673143
sarimax,42,0.1,23,168,9.34754861773036,21.90000129705292,-12.55245267932256,-1.068722859600361,18.944179132940874
sarimax,42,0.2,1,168,28.432098416029618,28.432098416029618,0.0,17.01605708211263,0.0
sarimax,42,0.2,2,168,25.146523249186917,23.015749875304103,2.130773373882814,21.18474473117078,3.4032114164225264
sarimax,42,0.2,3,168,12.327993265961435,13.536131074045821,-1.2081378080843859,-3.4642635622783486,6.959518079372178
sarimax,42,0.2,4,168,11.957914258708305,8.857908976960484,3.100005281747821,10.75858118911456,4.874761751042073
sarimax,42,0.2,5,168,29.369976334246196,27.490438743356506,1.87953759088969,14.525614634861494,6.051525638656571
sarimax,42,0.2,6,168,8.58487813262943,10.346114599921279,-1.7612364672918481,-0.746273147752286,7.746343437897556
sarimax,42,0.2,7,168,69.22714774721362,65.84707562973703,3.380072117476587,64.21520742923994,6.047820120767588
sarimax,42,0.2,8,120,37.37536348653462,39.293041015113424,-1.9176775285788068,10.771407250829194,17.681297582462058
sarimax,42,0.2,9,168,34.063831319707866,39.254790346722736,-5.19095902701487,15.485705229509941,16.299319516135487
sarimax,42,0.2,10,168,20.65798894079569,29.470998080541584,-8.813009139745894,-5.709281008252243,16.13659665881038
sarimax,42,0.2,11,120,11.085766397184926,18.91217617737941,-7.826409780194485,-6.753098124266434,11.767421125397856
sarimax,42,0.2,12,48,38.35984125324159,36.58797658081927,1.7718646724223177,30.79131969575694,8.063317275464998
sarimax,42,0.2,13,168,33.74750182836097,26.094907384311206,7.652594444049761,27.333937538838644,12.608917759523386
sarimax,42,0.2,14,144,44.17921123286703,34.57228637939157,9.606924853475462,43.98469260578169,15.55392171538644
sarimax,42,0.2,15,168,32.43618381530321,29.780374096209677,2.655809719093533,29.23308776370677,21.24007589346549
sarimax,42,0.2,16,168,17.970918135788303,15.053948777716807,2.916969358071496,16.38699114419549,22.838678267513743
sarimax,42,0.2,17,168,34.796208939347736,30.604801414920445,4.191407524427291,29.826584366094927,21.54834084285009
sarimax,42,0.2,18,168,44.29640361703738,35.9481715530776,8.348232063959777,41.04164760630239,23.203989547499063
sarimax,42,0.2,19,168,51.081067314848596,50.556311906330556,0.5247554085180397,37.586278095466646,26.771521159259727
sarimax,42,0.2,20,168,37.69093062236899,24.330163185141497,13.36076743722749,31.733417276701434,28.934472546501112
sarimax,42,0.2,21,168,43.53504608634605,42.45437956655602,1.0806665197900287,11.268793662948237,29.494261492541177
sarimax,42,0.2,22,168,29.471913346645426,35.22864772091173,-5.756734374266305,-5.053642840649551,25.84916792662259
sarimax,42,0.2,23,168,9.34754861773036,22.5128393545695,-13.16529073683914,-1.068722859600361,19.668605773168164
sarimax,42,0.3,1,168,28.432098416029618,28.432098416029618,0.0,17.01605708211263,0.0
sarimax,42,0.3,2,168,25.146523249186917,22.103361751418962,3.0431614977679544,21.18474473117078,5.104817124633789
sarimax,42,0.3,3,168,12.327993265961435,15.185698735975697,-2.8577054700142615,-3.4642635622783486,9.928795406594888
sarimax,42,0.3,4,168,11.957914258708305,8.354375953231479,3.6035383054768264,10.75858118911456,5.910877715932916
sarimax,42,0.3,5,168,29.369976334246196,27.29302667807149,2.0769496561747047,14.525614634861494,7.365188757887409
sarimax,42,0.3,6,168,8.58487813262943,11.463833084108767,-2.8789549514793364,-0.746273147752286,9.513316520979632
sarimax,42,0.3,7,168,69.22714774721362,65.66470975478921,3.5624379924244067,64.21520742923994,6.435439620360056
sarimax,42,0.3,8,120,37.37536348653462,40.72855579944169,-3.353192312907076,10.771407250829194,23.769369963024022
sarimax,42,0.3,9,168,34.063831319707866,40.572534520890976,-6.50870320118311,15.485705229509941,19.86998114936557
sarimax,42,0.3,10,168,20.65798894079569,31.440991314353298,-10.783002373557608,-5.709281008252243,18.554698373408883
sarimax,42,0.3,11,120,11.085766397184926,18.49062576056214,-7.404859363377213,-6.753098124266434,11.275504558910544
sarimax,42,0.3,12,48,38.35984125324159,36.71416291035854,1.645678342883052,30.79131969575694,5.86692375395745
sarimax,42,0.3,13,168,33.74750182836097,25.857092894443813,7.890408933917154,27.333937538838644,13.344242536497298
sarimax,42,0.3,14,144,44.17921123286703,34.0738718490614,10.105339383805635,43.98469260578169,17.5411510371997
sarimax,42,0.3,15,168,32.43618381530321,30.94294801954863,1.493235795754579,29.23308776370677,25.47421350777429
sarimax,42,0.3,16,168,17.970918135788303,16.745384528910442,1.2255336068778604,16.38699114419549,26.601875784554032
sarimax,42,0.3,17,168,34.796208939347736,30.737959087948134,4.0582498513996015,29.826584366094927,23.537410392446468
sarimax,42,0.3,18,168,44.29640361703738,35.69708919194478,8.5993144250926,41.04164760630239,25.424162584541
sarimax,42,0.3,19,168,51.081067314848596,51.00437217075088,0.07669514409771949,37.586278095466646,30.10940809106942
sarimax,42,0.3,20,168,37.69093062236899,24.2956613535038,13.395269268865189,31.733417276701434,32.35246909238859
sarimax,42,0.3,21,168,43.53504608634605,42.817149727274646,0.7178963590714034,11.268793662948237,32.16675354768244
sarimax,42,0.3,22,168,29.471913346645426,35.255041675190554,-5.7831283285451285,-5.053642840649551,25.89736558226218
sarimax,42,0.3,23,168,9.34754861773036,19.956571232426068,-10.609022614695707,-1.068722859600361,16.612063055388656
sarimax,42,0.5,1,168,28.432098416029618,28.432098416029618,0.0,17.01605708211263,0.0
sarimax,42,0.5,2,168,25.146523249186917,20.62549259481117,4.521030654375746,21.18474473117078,8.508028541056316
sarimax,42,0.5,3,168,12.327993265961435,18.81293937719665,-6.484946111235214,-3.4642635622783486,14.846386636113548
sarimax,42,0.5,4,168,11.957914258708305,8.456433464917161,3.501480793791144,10.75858118911456,5.6910615369176
sarimax,42,0.5,5,168,29.369976334246196,27.181656620796645,2.188319713449552,14.525614634861494,8.22482136301608
sarimax,42,0.5,6,168,8.58487813262943,12.810371726515584,-4.225493593886153,-0.746273147752286,11.375217998938789
sarimax,42,0.5,7,168,69.22714774721362,66.20638268070057,3.02076506651305,64.21520742923994,5.314472425593251
sarimax,42,0.5,8,120,37.37536348653462,44.37478740128798,-6.999423914753365,10.771407250829194,34.764839927416595
sarimax,42,0.5,9,168,34.063831319707866,41.70555473554957,-7.641723415841703,15.485705229509941,22.768123589122894
sarimax,42,0.5,10,168,20.65798894079569,31.911025915277346,-11.253036974481656,-5.709281008252243,19.126914409316417
sarimax,42,0.5,11,120,11.085766397184926,14.849473153700414,-3.7637067565154876,-6.753098124266434,6.708816700532086
sarimax,42,0.5,12,48,38.35984125324159,38.36814402019178,-0.00830276695018739,30.79131969575694,-0.0221407118671739
sarimax,42,0.5,13,168,33.74750182836097,25.289641765418907,8.45786006294206,27.333937538838644,15.384589491944883
sarimax,42,0.5,14,144,44.17921123286703,33.377715322617604,10.801495910249429,43.98469260578169,21.359263515391763
sarimax,42,0.5,15,168,32.43618381530321,34.25565593727164,-1.819472121968431,29.23308776370677,32.671978060586724
sarimax,42,0.5,16,168,17.970918135788303,19.272001335400134,-1.3010831996118313,16.38699114419549,30.952532912146747
sarimax,42,0.5,17,168,34.796208939347736,30.748988390925184,4.047220548422551,29.826584366094927,23.66976202817112
sarimax,42,0.5,18,168,44.29640361703738,35.611668609087474,8.684735007949904,41.04164760630239,26.748173197133024
sarimax,42,0.5,19,168,51.081067314848596,51.59365934912631,-0.5125920342777164,37.586278095466646,33.89491040171771
sarimax,42,0.5,20,168,37.69093062236899,24.53749075721611,13.15343986515288,31.733417276701434,35.740594248592174
sarimax,42,0.5,21,168,43.53504608634605,43.06247006150109,0.47257602484496175,11.268793662948237,33.7370057626468
sarimax,42,0.5,22,168,29.471913346645426,33.47846430143162,-4.006550954786196,-5.053642840649551,22.50289971279752
sarimax,42,0.5,23,168,9.34754861773036,13.831230062009748,-4.483681444279387,-1.068722859600361,8.724628436073985
sarimax,42,0.7,1,168,28.432098416029618,28.432098416029618,0.0,17.01605708211263,0.0
sarimax,42,0.7,2,168,25.146523249186917,19.565968542778126,5.58055470640879,21.18474473117078,11.91123995747884
sarimax,42,0.7,3,168,12.327993265961435,21.98665243309884,-9.658659167137404,-3.4642635622783486,18.4026932990632
sarimax,42,0.7,4,168,11.957914258708305,9.893925536775336,2.0639887219329687,10.75858118911456,3.0958234961241167
sarimax,42,0.7,5,168,29.369976334246196,27.157652308888416,2.2123240253577805,14.525614634861494,8.459753881217427
sarimax,42,0.7,6,168,8.58487813262943,13.86322310911134,-5.278344976481909,-0.746273147752286,12.705856408768271
sarimax,42,0.7,7,168,69.22714774721362,67.25920381324993,1.9679439339636957,64.21520742923994,3.2893657192038823
sarimax,42,0.7,8,120,37.37536348653462,49.72156224089443,-12.346198754359811,10.771407250829194,45.93745491622912
sarimax,42,0.7,9,168,34.063831319707866,41.131041994339334,-7.067210674631468,15.485705229509941,21.32122155044917
sarimax,42,0.7,10,168,20.65798894079569,30.361282791907417,-9.703293851111727,-5.709281008252243,17.23636012579171
sarimax,42,0.7,11,120,11.085766397184926,11.581467379798088,-0.49570098261316176,-6.753098124266434,1.1744113319609433
sarimax,42,0.7,12,48,38.35984125324159,40.27221641174078,-1.912375158499188,30.79131969575694,-4.374845287398221
sarimax,42,0.7,13,168,33.74750182836097,24.805280686635278,8.942221141725689,27.333937538838644,20.24147020081039
sarimax,42,0.7,14,144,44.17921123286703,33.22753064507884,10.95168058778819,43.98469260578169,25.20619733743017
sarimax,42,0.7,15,168,32.43618381530321,37.13690340091131,-4.700719585608098,29.23308776370677,38.35114402527623
sarimax,42,0.7,16,168,17.970918135788303,19.93083721662025,-1.9599190808319484,16.38699114419549,31.968504642177606
sarimax,42,0.7,17,168,34.796208939347736,30.59041984354116,4.205789095806576,29.826584366094927,21.061445193590124
sarimax,42,0.7,18,168,44.29640361703738,35.58495019139637,8.711453425641004,41.04164760630239,27.197042614343488
sarimax,42,0.7,19,168,51.081067314848596,52.1239259107696,-1.042858595921004,37.586278095466646,36.88826610871472
sarimax,42,0.7,20,168,37.69093062236899,24.736084506662742,12.954846115706246,31.733417276701434,37.376874499441065
sarimax,42,0.7,21,168,43.53504608634605,43.01210343734527,0.5229426490007825,11.268793662948237,33.426454443523326
sarimax,42,0.7,22,168,29.471913346645426,31.455295874660308,-1.9833825280148822,-5.053642840649551,17.916091897120765
sarimax,42,0.7,23,168,9.34754861773036,9.947356607206823,-0.5998079894764619,-1.068722859600361,1.837277580681545
sarimax,42,1.0,1,168,28.432098416029618,28.432098416029618,0.0,17.01605708211263,0.0
sarimax,42,1.0,2,168,25.146523249186917,18.90569349054871,6.240829758638206,21.18474473117078,17.01605708211263
sarimax,42,1.0,3,168,12.327993265961435,24.667545495246795,-12.33955222928536,-3.4642635622783486,21.18474473117078
sarimax,42,1.0,4,168,11.957914258708305,14.748491573923694,-2.7905773152153888,10.75858118911456,-3.4642635622783486
sarimax,42,1.0,5,168,29.369976334246196,26.99290702871138,2.3770693055348175,14.525614634861494,10.75858118911456
sarimax,42,1.0,6,168,8.58487813262943,15.421104278194708,-6.836226145565277,-0.746273147752286,14.525614634861494
sarimax,42,1.0,7,168,69.22714774721362,69.70816027901535,-0.4810125318017242,64.21520742923994,-0.746273147752286
sarimax,42,1.0,8,120,37.37536348653462,60.31854600707846,-22.943182520543843,10.771407250829194,64.21520742923994
sarimax,42,1.0,9,168,34.063831319707866,37.32448242686914,-3.260651107161273,15.485705229509941,10.771407250829194
sarimax,42,1.0,10,168,20.65798894079569,28.94797649729409,-8.2899875564984,-5.709281008252243,15.48570522950994
sarimax,42,1.0,11,120,11.085766397184926,9.938265386739038,1.1475010104458878,-6.753098124266434,-5.709281008252243
sarimax,42,1.0,12,48,38.35984125324159,41.517914599374166,-3.158073346132575,30.79131969575694,-6.753098124266434
sarimax,42,1.0,13,168,33.74750182836097,26.497317510137105,7.250184318223862,27.333937538838644,30.79131969575694
sarimax,42,1.0,14,144,44.17921123286703,33.2709670672748,10.90824416559223,43.98469260578169,27.333937538838644
sarimax,42,1.0,15,168,32.43618381530321,40.09773652052798,-7.661552705224771,29.23308776370677,43.98469260578169
sarimax,42,1.0,16,168,17.970918135788303,18.233163556879965,-0.26224542109166293,16.38699114419549,29.23308776370677
sarimax,42,1.0,17,168,34.796208939347736,30.63811510317059,4.1580938361771445,29.826584366094927,16.38699114419549
sarimax,42,1.0,18,168,44.29640361703738,35.532050119209586,8.764353497827791,41.04164760630239,29.826584366094927
sarimax,42,1.0,19,168,51.081067314848596,53.00044228976538,-1.919374974916785,37.586278095466646,41.04164760630239
sarimax,42,1.0,20,168,37.69093062236899,24.770161068658496,12.920769553710493,31.733417276701434,37.586278095466646
sarimax,42,1.0,21,168,43.53504608634605,42.750085780575205,0.784960305770845,11.268793662948237,31.733417276701434
sarimax,42,1.0,22,168,29.471913346645426,29.692324308001723,-0.220410961356297,-5.053642840649551,11.268793662948235
sarimax,42,1.0,23,168,9.34754861773036,9.189522342140206,0.1580262755901547,-1.068722859600361,-5.053642840649551
prophet,42,0.0,1,168,30.627494906826264,30.627494906826264,0.0,-15.71787745761371,0.0
prophet,42,0.0,2,168,45.2405031611485,45.2405031611485,0.0,-20.157004625302314,0.0
prophet,42,0.0,3,168,25.724615531076026,25.724615531076033,-7.105427357601002e-15,-13.52585985750738,0.0
prophet,42,0.0,4,168,16.362733182505785,16.362733182505785,0.0,-0.4466471667633551,0.0
prophet,42,0.0,5,168,31.902060299734703,31.90206029973471,-7.105427357601002e-15,-4.766013860453419,0.0
prophet,42,0.0,6,168,30.343706531898267,30.343706531898263,3.552713678800501e-15,-28.825800704973094,0.0
prophet,42,0.0,7,168,48.56259655025948,48.56259655025948,0.0,-2.46439095517656,0.0
prophet,42,0.0,8,120,53.14566330329363,53.14566330329363,0.0,-38.33890027229658,0.0
prophet,42,0.0,9,168,52.23624721377215,52.23624721377215,0.0,-19.028999625000665,0.0
prophet,42,0.0,10,168,50.856130122800884,50.8561301228009,-1.4210854715202004e-14,-45.316271827000236,0.0
prophet,42,0.0,11,120,40.32571379267475,40.32571379267474,7.105427357601002e-15,-38.475875630784685,0.0
prophet,42,0.0,12,48,51.45929026600411,51.45929026600411,0.0,-23.77191883146915,0.0
prophet,42,0.0,13,168,29.621078750254426,29.621078750254426,0.0,13.16189416850349,0.0
prophet,42,0.0,14,144,38.99284464871163,38.99284464871163,0.0,21.987738270272512,0.0
prophet,42,0.0,15,168,44.47674345687047,44.476743456870466,7.105427357601002e-15,40.2075092760661,0.0
prophet,42,0.0,16,168,29.190708926076137,29.190708926076134,3.552713678800501e-15,25.241634776848656,0.0
prophet,42,0.0,17,168,53.562312039313156,53.562312039313156,0.0,50.55442375056371,0.0
prophet,42,0.0,18,168,64.43554076558642,64.43554076558641,1.4210854715202004e-14,61.97445316092127,0.0
prophet,42,0.0,19,168,70.95242607072048,70.95242607072048,0.0,63.125428042481246,0.0
prophet,42,0.0,20,168,72.9769685530737,72.97696855307372,-1.4210854715202004e-14,72.97696855307372,0.0
prophet,42,0.0,21,168,61.527136250412134,61.527136250412134,0.0,60.48096506050088,0.0
prophet,42,0.0,22,168,50.74783238698943,50.74783238698943,0.0,48.20460286752316,0.0
prophet,42,0.0,23,168,23.369509801670034,23.369509801670034,0.0,16.38685180315942,0.0
prophet,42,0.1,1,168,30.627494906826264,30.627494906826264,0.0,-15.71787745761371,0.0
prophet,42,0.1,2,168,45.2405031611485,44.816133945228955,0.42436921591954757,-20.157004625302314,-1.5717877457613711
prophet,42,0.1,3,168,25.724615531076026,25.009815291722216,0.71480023935381,-13.52585985750738,-3.4303094337154656
prophet,42,0.1,4,168,16.362733182505785,16.436633275829713,-0.07390009332392822,-0.4466471667633551,-4.439864476094657
prophet,42,0.1,5,168,31.902060299734703,31.657656001755,0.24440429797970253,-4.766013860453419,-4.040542745161527
prophet,42,0.1,6,168,30.343706531898267,27.0618174929887,3.2818890389095685,-28.825800704973094,-4.113089856690716
prophet,42,0.1,7,168,48.56259655025948,47.49404070594267,1.0685558443168048,-2.46439095517656,-6.584360941518954
prophet,42,0.1,8,120,53.14566330329363,48.72213581089292,4.423527492400709,-38.33890027229658,-6.172363942884714
prophet,42,0.1,9,168,52.23624721377215,49.30482545435704,2.931421759415116,-19.028999625000665,-9.3890175758259
prophet,42,0.1,10,168,50.856130122800884,42.88829878439693,7.967831338403954,-45.316271827000236,-10.353015780743377
prophet,42,0.1,11,120,40.32571379267475,30.870102355265665,9.455611437409082,-38.475875630784685,-13.849341385369062
prophet,42,0.1,12,48,51.45929026600411,49.430343846377845,2.0289464196262657,-23.77191883146915,-16.311994809910626
prophet,42,0.1,13,168,29.621078750254426,35.4445394512523,-5.82346070099787,13.16189416850349,-17.05798721206648
prophet,42,0.1,14,144,38.99284464871163,43.056438146782526,-4.063593498070894,21.987738270272512,-14.035999074009482
prophet,42,0.1,15,168,44.47674345687047,52.158119747223,-7.6813762903525244,40.2075092760661,-10.433625339581283
prophet,42,0.1,16,168,29.190708926076137,32.877531720184976,-3.6868227941088385,25.241634776848656,-5.369511878016546
prophet,42,0.1,17,168,53.562312039313156,55.30158920431439,-1.7392771650012335,50.55442375056371,-2.308397212530026
prophet,42,0.1,18,168,64.43554076558642,62.18774375795523,2.247797007631192,61.97445316092127,2.977884883779348
prophet,42,0.1,19,168,70.95242607072048,66.70931764803056,4.2431084226899145,63.125428042481246,8.87754171149354
prophet,42,0.1,20,168,72.9769685530737,58.6746382084814,14.302330344592306,72.97696855307372,14.302330344592312
prophet,42,0.1,21,168,61.527136250412134,46.51568197658608,15.011454273826054,60.48096506050088,20.16979416544045
prophet,42,0.1,22,168,50.74783238698943,36.06602491290968,14.681807474079747,48.20460286752316,24.200911254946497
prophet,42,0.1,23,168,23.369509801670034,23.005760684687093,0.363749116982941,16.38685180315942,26.60128041620416
prophet,42,0.2,1,168,30.627494906826264,30.627494906826264,0.0,-15.71787745761371,0.0
prophet,42,0.2,2,168,45.2405031611485,44.404475249910504,0.8360279112379985,-20.157004625302314,-3.1435754915227423
prophet,42,0.2,3,168,25.724615531076026,24.79210564594341,0.9325098851326175,-13.52585985750738,-6.546261318278656
prophet,42,0.2,4,168,16.362733182505785,17.129263607323075,-0.7665304248172902,-0.4466471667633551,-7.942181026124402
prophet,42,0.2,5,168,31.902060299734703,31.58484863520108,0.31721166453362315,-4.766013860453419,-6.443074254252193
prophet,42,0.2,6,168,30.343706531898267,25.572197948166256,4.771508583732011,-28.825800704973094,-6.107662175492439
prophet,42,0.2,7,168,48.56259655025948,47.32890529648101,1.233691253778467,-2.46439095517656,-10.651289881388571
prophet,42,0.2,8,120,53.14566330329363,46.707158350654296,6.4385049526393345,-38.33890027229658,-9.01391009614617
prophet,42,0.2,9,168,52.23624721377215,48.062100257406925,4.174146956365227,-19.028999625000665,-14.878908131376251
prophet,42,0.2,10,168,50.856130122800884,39.44730225973705,11.408827863063834,-45.316271827000236,-15.708926430101137
prophet,42,0.2,11,120,40.32571379267475,26.960091069338418,13.36562272333633,-38.475875630784685,-21.630395509480955
prophet,42,0.2,12,48,51.45929026600411,49.85969419381559,1.5995960721885183,-23.77191883146915,-24.9994915337417
prophet,42,0.2,13,168,29.621078750254426,39.983496587706746,-10.36241783745232,13.16189416850349,-24.753976993287196
prophet,42,0.2,14,144,38.99284464871163,44.73537558368658,-5.742530934974951,21.987738270272512,-17.170802760929057
prophet,42,0.2,15,168,44.47674345687047,51.20692037463782,-6.730176917767345,40.2075092760661,-9.339094554688744
prophet,42,0.2,16,168,29.190708926076137,28.86369118354409,0.3270177425320462,25.241634776848656,0.5702262114622236
prophet,42,0.2,17,168,53.562312039313156,49.72107342064878,3.841238618664377,50.55442375056371,5.50450792453951
prophet,42,0.2,18,168,64.43554076558642,54.432990523726296,10.002550241860128,61.97445316092127,14.51449108974435
prophet,42,0.2,19,168,70.95242607072048,62.448737184693364,8.503688886027113,63.125428042481246,24.006483503979737
prophet,42,0.2,20,168,72.9769685530737,41.18913797313648,31.78783057993722,72.97696855307372,31.83027241168004
prophet,42,0.2,21,168,61.527136250412134,37.0669696039474,24.460166646464735,60.48096506050088,40.05961163995877
prophet,42,0.2,22,168,50.74783238698943,30.80243885992933,19.945393527060098,48.20460286752316,44.14388232406719
prophet,42,0.2,23,168,23.369509801670034,31.766578234378077,-8.397068432708043,16.38685180315942,44.95602643275839
prophet,42,0.3,1,168,30.627494906826264,30.627494906826264,0.0,-15.71787745761371,0.0
prophet,42,0.3,2,168,45.2405031611485,43.99798779934382,1.242515361804685,-20.157004625302314,-4.715363237284113
prophet,42,0.3,3,168,25.724615531076026,24.81725997550199,0.9073555555740356,-13.52585985750738,-9.347855653689573
prophet,42,0.3,4,168,16.362733182505785,17.917064111640723,-1.554330929134938,-0.4466471667633551,-10.601256914834917
prophet,42,0.3,5,168,31.902060299734703,31.598876018780796,0.30318428095390715,-4.766013860453419,-7.554873990413446
prophet,42,0.3,6,168,30.343706531898267,25.146821075777044,5.1968854561212225,-28.825800704973094,-6.718215951425438
prophet,42,0.3,7,168,48.56259655025948,47.50527070902941,1.0573258412300675,-2.46439095517656,-13.350491377489735
prophet,42,0.3,8,120,53.14566330329363,45.97547839497708,7.17018490831655,-38.33890027229658,-10.08466125079578
prophet,42,0.3,9,168,52.23624721377215,47.420772544639185,4.815474669132968,-19.028999625000665,-18.560932957246017
prophet,42,0.3,10,168,50.856130122800884,37.71069275679772,13.145437366003165,-45.316271827000236,-18.70135295757241
prophet,42,0.3,11,120,40.32571379267475,25.427528110978336,14.898185681696411,-38.475875630784685,-26.685828618400755
prophet,42,0.3,12,48,51.45929026600411,50.29497345951345,1.1643168064906604,-23.77191883146915,-30.22284272211593
prophet,42,0.3,13,168,29.621078750254426,42.59349980791128,-12.972421057656852,13.16189416850349,-28.287565554921898
prophet,42,0.3,14,144,38.99284464871163,43.99559137525677,-5.002746726545141,21.987738270272512,-15.85272763789428
prophet,42,0.3,15,168,44.47674345687047,47.45730823324656,-2.9805647763760845,40.2075092760661,-4.500587865444242
prophet,42,0.3,16,168,29.190708926076137,25.23605068579168,3.9546582402844557,25.241634776848656,8.911841277008861
prophet,42,0.3,17,168,53.562312039313156,44.787778296925175,8.77453374238798,50.55442375056371,13.810779326960798
prophet,42,0.3,18,168,64.43554076558642,49.08432326446078,15.351217501125646,61.97445316092127,24.83387265404167
prophet,42,0.3,19,168,70.95242607072048,61.484225240957024,9.468200829763454,63.125428042481246,35.97604680610555
prophet,42,0.3,20,168,72.9769685530737,30.106540182039257,42.87042837103445,72.97696855307372,44.120861177018256
prophet,42,0.3,21,168,61.527136250412134,33.29678345647794,28.230352793934195,60.48096506050088,52.777693389834894
prophet,42,0.3,22,168,50.74783238698943,31.203502016577733,19.544330370411696,48.20460286752316,55.088674891034685
prophet,42,0.3,23,168,23.369509801670034,37.8860631119,-14.516553310229966,16.38685180315942,53.02345328398122
prophet,42,0.5,1,168,30.627494906826264,30.627494906826264,0.0,-15.71787745761371,0.0
prophet,42,0.5,2,168,45.2405031611485,43.440417854958056,1.8000853061904465,-20.157004625302314,-7.858938728806855
prophet,42,0.5,3,168,25.724615531076026,25.25553952434322,0.4690760067328057,-13.52585985750738,-14.007971677054584
prophet,42,0.5,4,168,16.362733182505785,19.18367492879126,-2.820941746285474,-0.4466471667633551,-13.76691576728098
prophet,42,0.5,5,168,31.902060299734703,31.58459846351956,0.3174618362151449,-4.766013860453419,-7.106781467022168
prophet,42,0.5,6,168,30.343706531898267,25.69452974227672,4.649176789621546,-28.825800704973094,-5.936397663737793
prophet,42,0.5,7,168,48.56259655025948,48.013610089657924,0.5489864606015544,-2.46439095517656,-17.381099184355442
prophet,42,0.5,8,120,53.14566330329363,46.08612111868076,7.059542184612873,-38.33890027229658,-9.922745069766002
prophet,42,0.5,9,168,52.23624721377215,46.71386847461789,5.522378739154263,-19.028999625000665,-24.13082267103129
prophet,42,0.5,10,168,50.856130122800884,36.190894785255665,14.66523533754522,-45.316271827000236,-21.579911148015977
prophet,42,0.5,11,120,40.32571379267475,24.731010639517255,15.594703153157493,-38.475875630784685,-33.44809148750811
prophet,42,0.5,12,48,51.45929026600411,50.92770538957643,0.5315848764276794,-23.77191883146915,-35.9619835591464
prophet,42,0.5,13,168,29.621078750254426,43.88475908513698,-14.263680334882551,13.16189416850349,-29.866951195307774
prophet,42,0.5,14,144,38.99284464871163,40.7558717659052,-1.763027117193566,21.987738270272512,-8.352528513402142
prophet,42,0.5,15,168,44.47674345687047,40.54889081631868,3.927852640551791,40.2075092760661,6.817604878435185
prophet,42,0.5,16,168,29.190708926076137,22.53389243874121,6.656816487334929,25.241634776848656,23.51255707725064
prophet,42,0.5,17,168,53.562312039313156,40.738916405743794,12.823395633569362,50.55442375056371,24.37709592704965
prophet,42,0.5,18,168,64.43554076558642,44.20179343981864,20.233747325767787,61.97445316092127,37.46575983880668
prophet,42,0.5,19,168,70.95242607072048,61.781460710890336,9.170965359830141,63.125428042481246,49.72010649986397
prophet,42,0.5,20,168,72.9769685530737,21.10475287323872,51.87221567983498,72.97696855307372,56.42276727117261
prophet,42,0.5,21,168,61.527136250412134,33.03809647975845,28.489039770653683,60.48096506050088,64.69986791212317
prophet,42,0.5,22,168,50.74783238698943,33.524391169656425,17.223441217333004,48.20460286752316,62.59041648631202
prophet,42,0.5,23,168,23.369509801670034,39.937841771249815,-16.56833196957978,16.38685180315942,55.39750967691759
prophet,42,0.7,1,168,30.627494906826264,30.627494906826264,0.0,-15.71787745761371,0.0
prophet,42,0.7,2,168,45.2405031611485,43.10750529599924,2.132997865149264,-20.157004625302314,-11.002514220329596
prophet,42,0.7,3,168,25.724615531076026,26.055599784425585,-0.33098425334955905,-13.52585985750738,-17.410657503810498
prophet,42,0.7,4,168,16.362733182505785,19.583591595231017,-3.2208584127252315,-0.4466471667633551,-14.691299151398317
prophet,42,0.7,5,168,31.902060299734703,31.633388144005266,0.2686721557294369,-4.766013860453419,-4.720042762153843
prophet,42,0.7,6,168,30.343706531898267,26.574859264971305,3.7688472669269615,-28.825800704973094,-4.752222530963547
prophet,42,0.7,7,168,48.56259655025948,48.666894959500254,-0.10429840924077638,-2.46439095517656,-21.60372725277023
prophet,42,0.7,8,120,53.14566330329363,47.26783282218623,5.877830481107402,-38.33890027229658,-8.206191844454661
prophet,42,0.7,9,168,52.23624721377215,46.325987995704686,5.910259218067466,-19.028999625000665,-29.299087743944
prophet,42,0.7,10,168,50.856130122800884,35.933337677921365,14.92279244487952,-45.316271827000236,-22.110026060683666
prophet,42,0.7,11,120,40.32571379267475,25.264670593159828,15.06104319951492,-38.475875630784685,-38.35439809710526
prophet,42,0.7,12,48,51.45929026600411,51.410169506023465,0.0491207599806458,-23.77191883146915,-38.43943237068086
prophet,42,0.7,13,168,29.621078750254426,42.501842572181666,-12.88076382192724,13.16189416850349,-28.172172893232663
prophet,42,0.7,14,144,38.99284464871163,38.8976353924638,0.09520925624783416,21.987738270272512,0.7616740499826413
prophet,42,0.7,15,168,44.47674345687047,36.52755453444915,7.949188922421321,40.2075092760661,15.61991900418555
prophet,42,0.7,16,168,29.190708926076137,23.937379735104837,5.2533291909713,25.241634776848656,32.83123219450193
prophet,42,0.7,17,168,53.562312039313156,39.85238002696055,13.709932012352603,50.55442375056371,27.51851400214464
prophet,42,0.7,18,168,64.43554076558642,42.56095751408597,21.874583251500454,61.97445316092127,43.64365082603799
prophet,42,0.7,19,168,70.95242607072048,62.357804310927904,8.594621759792574,63.125428042481246,56.47521246045629
prophet,42,0.7,20,168,72.9769685530737,18.79910261027915,54.177865942794554,72.97696855307372,61.13036336787376
prophet,42,0.7,21,168,61.527136250412134,34.117454791942,27.409681458470132,60.48096506050088,69.42298699751373
prophet,42,0.7,22,168,50.74783238698943,33.74682486615826,17.001007520831166,48.20460286752316,63.16357164160473
prophet,42,0.7,23,168,23.369509801670034,37.61107077442883,-14.241560972758798,16.38685180315942,52.69229349974763
prophet,42,1.0,1,168,30.627494906826264,30.627494906826264,0.0,-15.71787745761371,0.0
prophet,42,1.0,2,168,45.2405031611485,42.97853743150038,2.261965729648125,-20.157004625302314,-15.71787745761371
prophet,42,1.0,3,168,25.724615531076026,26.96363712293499,-1.2390215918589647,-13.52585985750738,-20.157004625302317
prophet,42,1.0,4,168,16.362733182505785,19.080365253174005,-2.7176320706682198,-0.4466471667633551,-13.52585985750738
prophet,42,1.0,5,168,31.902060299734703,31.859522474328678,0.042537825406025576,-4.766013860453419,-0.4466471667633551
prophet,42,1.0,6,168,30.343706531898267,26.56435158535997,3.779354946538298,-28.825800704973094,-4.766013860453419
prophet,42,1.0,7,168,48.56259655025948,49.89978831800456,-1.3371917677450824,-2.46439095517656,-28.82580070497309
prophet,42,1.0,8,120,53.14566330329363,51.37951645208377,1.7661468512098608,-38.33890027229658,-2.46439095517656
prophet,42,1.0,9,168,52.23624721377215,46.804646708594106,5.4316005051780465,-19.028999625000665,-38.33890027229658
prophet,42,1.0,10,168,50.856130122800884,37.52736664526048,13.328763477540406,-45.316271827000236,-19.028999625000665
prophet,42,1.0,11,120,40.32571379267475,27.007246969473844,13.318466823200904,-38.475875630784685,-45.31627182700024
prophet,42,1.0,12,48,51.45929026600411,51.417761851878424,0.0415284141256862,-23.77191883146915,-38.475875630784685
prophet,42,1.0,13,168,29.621078750254426,39.299150451633416,-9.67807170137899,13.16189416850349,-23.77191883146915
prophet,42,1.0,14,144,38.99284464871163,38.01037433449106,0.9824703142205706,21.987738270272512,13.16189416850349
prophet,42,1.0,15,168,44.47674345687047,34.45309876095573,10.02364469591474,40.2075092760661,21.987738270272512
prophet,42,1.0,16,168,29.190708926076137,26.587361642465186,2.603347283610951,25.241634776848656,40.2075092760661
prophet,42,1.0,17,168,53.562312039313156,40.47651680093858,13.085795238374573,50.55442375056371,25.241634776848656
prophet,42,1.0,18,168,64.43554076558642,41.45746229019022,22.978078475396202,61.97445316092127,50.55442375056371
prophet,42,1.0,19,168,70.95242607072048,63.06677082734185,7.885655243378629,63.125428042481246,61.97445316092127
prophet,42,1.0,20,168,72.9769685530737,18.071974233453894,54.90499431961981,72.97696855307372,63.125428042481246
prophet,42,1.0,21,168,61.527136250412134,35.25431890091534,26.272817349496798,60.48096506050088,72.97696855307372
prophet,42,1.0,22,168,50.74783238698943,32.75735936513244,17.990473021856992,48.20460286752316,60.48096506050088
prophet,42,1.0,23,168,23.369509801670034,34.11420600089383,-10.744696199223796,16.38685180315942,48.20460286752316
neuralprophet,42,0.0,1,168,25.681921179677754,25.681921179677754,0.0,5.40557096758059,0.0
neuralprophet,42,0.0,2,168,28.282009771225002,28.282009771225002,0.0,-1.0755992114969637,0.0
neuralprophet,42,0.0,3,168,23.9818775996282,23.9818775996282,0.0,-7.22537252589351,0.0
neuralprophet,42,0.0,4,168,12.349198217760948,12.349198217760948,0.0,1.7240327007713763,0.0
neuralprophet,42,0.0,5,168,24.01812581909554,24.01812581909554,0.0,1.6113277710761311,0.0
neuralprophet,42,0.0,6,168,19.14205835796538,19.14205835796538,0.0,-17.192431265967233,0.0
neuralprophet,42,0.0,7,168,47.75835423106239,47.75835423106239,0.0,17.499623139245166,0.0
neuralprophet,42,0.0,8,120,50.94088077177604,50.940880771776044,-7.105427357601002e-15,-6.577409335951012,0.0
neuralprophet,42,0.0,9,168,46.13505456731433,46.13505456731433,0.0,-3.6286633874121157,0.0
neuralprophet,42,0.0,10,168,40.30289413376933,40.30289413376933,0.0,-24.111773387662005,0.0
neuralprophet,42,0.0,11,120,39.68916743926207,39.689167439262064,7.105427357601002e-15,-32.9499656231006,0.0
neuralprophet,42,0.0,12,48,50.81527356664339,50.815273566643384,7.105427357601002e-15,-12.844026951392493,0.0
neuralprophet,42,0.0,13,168,34.89371657344557,34.893716573445566,7.105427357601002e-15,30.158393145700295,0.0
neuralprophet,42,0.0,14,144,55.01435025514828,55.01435025514829,-7.105427357601002e-15,54.28988048959109,0.0
neuralprophet,42,0.0,15,168,59.59717777369987,59.59717777369987,0.0,58.99522032900935,0.0
neuralprophet,42,0.0,16,168,51.005010208579755,51.005010208579755,0.0,50.326453717386435,0.0
neuralprophet,42,0.0,17,168,70.82078420253026,70.82078420253026,0.0,70.78388415223075,0.0
neuralprophet,42,0.0,18,168,94.46259928928954,94.46259928928956,-1.4210854715202004e-14,94.46259928928956,0.0
neuralprophet,42,0.0,19,168,104.33230800825925,104.33230800825926,-1.4210854715202004e-14,103.82289286538249,0.0
neuralprophet,42,0.0,20,168,109.89734986587648,109.8973498658765,-2.842170943040401e-14,109.8973498658765,0.0
neuralprophet,42,0.0,21,168,92.7585660676729,92.75856606767292,-1.4210854715202004e-14,92.5097215576399,0.0
neuralprophet,42,0.0,22,168,78.58481764235667,78.58481764235668,-1.4210854715202004e-14,78.36781076282263,0.0
neuralprophet,42,0.0,23,168,61.32843385409741,61.32843385409741,0.0,61.3254784230675,0.0
neuralprophet,42,0.1,1,168,25.681921179677754,25.681921179677754,0.0,5.40557096758059,0.0
neuralprophet,42,0.1,2,168,28.282009771225002,28.234755448763934,0.0472543224610682,-1.0755992114969637,0.540557096758059
neuralprophet,42,0.1,3,168,23.9818775996282,24.02698967890588,-0.04511207927768268,-7.22537252589351,0.3789414659325567
neuralprophet,42,0.1,4,168,12.349198217760948,12.380790778324503,-0.03159256056355453,1.7240327007713763,-0.38148993325005
neuralprophet,42,0.1,5,168,24.01812581909554,24.04458045847677,-0.026454639381228162,1.6113277710761311,-0.1709376698479074
neuralprophet,42,0.1,6,168,19.14205835796538,19.14743824133632,-0.005379883370942196,-17.192431265967233,0.0072888742444964
neuralprophet,42,0.1,7,168,47.75835423106239,47.762383929115806,-0.004029698053415132,17.499623139245166,-1.7126831397766766
neuralprophet,42,0.1,8,120,50.94088077177604,50.968687103526115,-0.027806331750078073,-6.577409335951012,0.2085474881255076
neuralprophet,42,0.1,9,168,46.13505456731433,46.02313833058049,0.11191623673384044,-3.6286633874121157,-0.4700481942821444
neuralprophet,42,0.1,10,168,40.30289413376933,39.84569809674421,0.45719603702512046,-24.111773387662005,-0.7859097135951416
neuralprophet,42,0.1,11,120,39.68916743926207,37.939676030612354,1.7494914086497175,-32.9499656231006,-3.1184960810018283
neuralprophet,42,0.1,12,48,50.81527356664339,50.647097971042,0.16817559560139017,-12.844026951392493,-6.101643035211707
neuralprophet,42,0.1,13,168,34.89371657344557,39.47133156689527,-4.5776149934497,30.158393145700295,-6.775881426829786
neuralprophet,42,0.1,14,144,55.01435025514828,57.71199930337324,-2.69764904822496,54.28988048959109,-3.0824539695767776
neuralprophet,42,0.1,15,168,59.59717777369987,57.18772727914345,2.409450494556417,58.99522032900935,2.654779476340009
neuralprophet,42,0.1,16,168,51.005010208579755,44.33371541177512,6.671294796804638,50.326453717386435,8.288823561606943
neuralprophet,42,0.1,17,168,70.82078420253026,59.00540854749651,11.815375655033755,70.78388415223075,12.492586577184891
neuralprophet,42,0.1,18,168,94.46259928928954,76.15023202677672,18.312367262512822,94.46259928928956,18.32171633468948
neuralprophet,42,0.1,19,168,104.33230800825925,81.29253804696046,23.039769961298788,103.82289286538249,25.935804630149487
neuralprophet,42,0.1,20,168,109.89734986587648,76.48320992370877,33.41413994216771,109.8973498658765,33.724513453672785
neuralprophet,42,0.1,21,168,92.7585660676729,59.93068987772482,32.827876189948086,92.5097215576399,41.34179709489316
neuralprophet,42,0.1,22,168,78.58481764235667,41.488297044082685,37.09652059827398,78.36781076282263,46.45858954116783
neuralprophet,42,0.1,23,168,61.32843385409741,18.566472709667813,42.7619611444296,61.3254784230675,49.649511663333314
neuralprophet,42,0.2,1,168,25.681921179677754,25.681921179677754,0.0,5.40557096758059,0.0
neuralprophet,42,0.2,2,168,28.282009771225002,28.199408621996337,0.08260114922866535,-1.0755992114969637,1.081114193516118
neuralprophet,42,0.2,3,168,23.9818775996282,24.0592313511179,-0.07735375148970292,-7.22537252589351,0.6497715125135016
neuralprophet,42,0.2,4,168,12.349198217760948,12.435884961717239,-0.08668674395629061,1.7240327007713763,-0.9252572951679008
neuralprophet,42,0.2,5,168,24.01812581909554,24.08056210196349,-0.062436282867949444,1.6113277710761311,-0.3953992959800455
neuralprophet,42,0.2,6,168,19.14205835796538,19.146447158926495,-0.004388800961116601,-17.192431265967233,0.0059461174311897
neuralprophet,42,0.2,7,168,47.75835423106239,47.803361220055606,-0.0450069889932152,17.499623139245166,-3.433729359248495
neuralprophet,42,0.2,8,120,50.94088077177604,51.04127292383607,-0.10039215206003149,-6.577409335951012,0.7529411404502371
neuralprophet,42,0.2,9,168,46.13505456731433,45.965261959021475,0.1697926082928518,-3.6286633874121157,-0.7131289548300127
neuralprophet,42,0.2,10,168,40.30289413376933,39.554083166600606,0.7488109671687226,-24.111773387662005,-1.2962358413464334
neuralprophet,42,0.2,11,120,39.68916743926207,36.59458735059811,3.0945800886639603,-32.9499656231006,-5.8593433506095485
neuralprophet,42,0.2,12,48,50.81527356664339,50.81379987602268,0.0014736906207133416,-12.844026951392493,-11.27746780510776
neuralprophet,42,0.2,13,168,34.89371657344557,43.25263234579111,-8.35891577234554,30.158393145700295,-11.590779634364706
neuralprophet,42,0.2,14,144,55.01435025514828,57.85508155435062,-2.8407312992023392,54.28988048959109,-3.2409450783517064
neuralprophet,42,0.2,15,168,59.59717777369987,52.374098131323116,7.223079642376753,58.99522032900935,8.265220035236853
neuralprophet,42,0.2,16,168,51.005010208579755,37.59136103788154,13.413649170698214,50.326453717386435,18.411220093991357
neuralprophet,42,0.2,17,168,70.82078420253026,49.103313086844906,21.717471115685356,70.78388415223075,24.794266818670373
neuralprophet,42,0.2,18,168,94.46259928928954,61.33962035573506,33.122978933554485,94.46259928928956,33.99219028538245
neuralprophet,42,0.2,19,168,104.33230800825925,66.92086476663833,37.411443241620916,103.82289286538249,46.08627208616387
neuralprophet,42,0.2,20,168,109.89734986587648,54.43927174975163,55.458078116124845,109.8973498658765,57.6335962420076
neuralprophet,42,0.2,21,168,92.7585660676729,46.24760566024541,46.51096040742749,92.5097215576399,68.08634696678138
neuralprophet,42,0.2,22,168,78.58481764235667,33.41813211314971,45.16668552920696,78.36781076282263,72.97102188495309
neuralprophet,42,0.2,23,168,61.32843385409741,19.306350273494726,42.02208358060268,61.3254784230675,74.050379660527
neuralprophet,42,0.3,1,168,25.681921179677754,25.681921179677754,0.0,5.40557096758059,0.0
neuralprophet,42,0.3,2,168,28.282009771225002,28.170969192888258,0.11104057833674474,-1.0755992114969637,1.621671290274177
neuralprophet,42,0.3,3,168,23.9818775996282,24.078602616264256,-0.09672501663605715,-7.22537252589351,0.8124901397428347
neuralprophet,42,0.3,4,168,12.349198217760948,12.526581089203221,-0.17738287144227272,1.7240327007713763,-1.598868659948069
neuralprophet,42,0.3,5,168,24.01812581909554,24.11499526125553,-0.0968694421599885,1.6113277710761311,-0.6019982517322353
neuralprophet,42,0.3,6,168,19.14205835796538,19.18781993435629,-0.045761576390912495,-17.192431265967233,0.0619995551102746
neuralprophet,42,0.3,7,168,47.75835423106239,47.84337551367381,-0.08502128261142161,17.499623139245166,-5.114329691212977
neuralprophet,42,0.3,8,120,50.94088077177604,51.17462256216393,-0.23374179038789578,-6.577409335951012,1.6698561579244662
neuralprophet,42,0.3,9,168,46.13505456731433,45.94354897440047,0.19150559291385605,-3.6286633874121157,-0.8043234902381775
neuralprophet,42,0.3,10,168,40.30289413376933,39.35451005233563,0.9483840814337015,-24.111773387662005,-1.651625459390359
neuralprophet,42,0.3,11,120,39.68916743926207,35.39318792485942,4.295979514402653,-32.9499656231006,-8.389669837871851
neuralprophet,42,0.3,12,48,50.81527356664339,51.00047865803655,-0.18520509139315777,-12.844026951392493,-15.757758573440476
neuralprophet,42,0.3,13,168,34.89371657344557,46.04225759743885,-11.148541023993275,30.158393145700295,-14.88363908682608
neuralprophet,42,0.3,14,144,55.01435025514828,56.191881825847695,-1.177531570699415,54.28988048959109,-1.3710294170681667
neuralprophet,42,0.3,15,168,59.59717777369987,46.819296451122014,12.777881322577855,58.99522032900935,15.32724355492961
neuralprophet,42,0.3,16,168,51.005010208579755,32.08791511753537,18.917095091044388,50.326453717386435,28.427636587153533
neuralprophet,42,0.3,17,168,70.82078420253026,43.386989753870225,27.433794448660038,70.78388415223075,34.997281726223406
neuralprophet,42,0.3,18,168,94.46259928928954,51.55800391590291,42.904595373386634,94.46259928928956,45.733262454025606
neuralprophet,42,0.3,19,168,104.33230800825925,58.36671970498969,45.965588303269556,103.82289286538249,60.35206350460479
neuralprophet,42,0.3,20,168,109.89734986587648,41.620083181463265,68.2772666844132,109.8973498658765,73.39331231283809
neuralprophet,42,0.3,21,168,92.7585660676729,40.712036836125264,52.04652923154764,92.5097215576399,84.3445235787496
neuralprophet,42,0.3,22,168,78.58481764235667,33.75059435360622,44.83422328875045,78.36781076282263,86.79408297241669
neuralprophet,42,0.3,23,168,61.32843385409741,25.66135719796462,35.66707665613279,61.3254784230675,84.26620130953847
neuralprophet,42,0.5,1,168,25.681921179677754,25.681921179677754,0.0,5.40557096758059,0.0
neuralprophet,42,0.5,2,168,28.282009771225002,28.125923173068237,0.15608659815676518,-1.0755992114969637,2.702785483790295
neuralprophet,42,0.5,3,168,23.9818775996282,24.078733925359945,-0.0968563257317463,-7.22537252589351,0.8135931361466656
neuralprophet,42,0.5,4,168,12.349198217760948,12.852716367513112,-0.5035181497521641,1.7240327007713763,-3.2058896948734223
neuralprophet,42,0.5,5,168,24.01812581909554,24.13815030214199,-0.12002448304644986,1.6113277710761311,-0.740928497051023
neuralprophet,42,0.5,6,168,19.14205835796538,19.463277137665123,-0.32121877969974477,-17.192431265967233,0.435199637012554
neuralprophet,42,0.5,7,168,47.75835423106239,47.9615817973887,-0.20322756632631211,17.499623139245166,-8.378615814477339
neuralprophet,42,0.5,8,120,50.94088077177604,51.70658611546345,-0.765705343687415,-6.577409335951012,4.560503662383914
neuralprophet,42,0.5,9,168,46.13505456731433,45.89494674903253,0.24010781828179972,-3.6286633874121157,-1.0084528367835492
neuralprophet,42,0.5,10,168,40.30289413376933,38.98429257053365,1.3186015632356813,-24.111773387662005,-2.3185581120978327
neuralprophet,42,0.5,11,120,39.68916743926207,33.422843311615495,6.266324127646577,-32.9499656231006,-13.21516574987992
neuralprophet,42,0.5,12,48,50.81527356664339,51.42068563309636,-0.6054120664529705,-12.844026951392493,-23.082565686490263
neuralprophet,42,0.5,13,168,34.89371657344557,48.8110843118821,-13.917367738436525,30.158393145700295,-17.963296318941378
neuralprophet,42,0.5,14,144,55.01435025514828,50.00919891635576,5.005151338792523,54.28988048959109,6.097548413379458
neuralprophet,42,0.5,15,168,59.59717777369987,38.02361056942928,21.57356720427059,58.99522032900935,30.193714451485278
neuralprophet,42,0.5,16,168,51.005010208579755,26.17289979850528,24.832110410074474,50.326453717386435,44.59446739024731
neuralprophet,42,0.5,17,168,70.82078420253026,39.28877758796917,31.53200661456109,70.78388415223075,47.46046055381687
neuralprophet,42,0.5,18,168,94.46259928928954,43.07264256104667,51.38995672824287,94.46259928928956,59.12217235302381
neuralprophet,42,0.5,19,168,104.33230800825925,52.30830156570335,52.024006442555894,103.82289286538249,76.79238582115669
neuralprophet,42,0.5,20,168,109.89734986587648,30.20338653294694,79.69396333292954,109.8973498658765,90.3076393432696
neuralprophet,42,0.5,21,168,92.7585660676729,39.98123611302482,52.77732995464808,92.5097215576399,100.10249460457304
neuralprophet,42,0.5,22,168,78.58481764235667,35.725489519920885,42.859328122435784,78.36781076282263,96.30610808110649
neuralprophet,42,0.5,23,168,61.32843385409741,27.987340488210528,33.341093365886884,61.3254784230675,87.33695942196456
neuralprophet,42,0.7,1,168,25.681921179677754,25.681921179677754,0.0,5.40557096758059,0.0
neuralprophet,42,0.7,2,168,28.282009771225002,28.12054289841936,0.16146687280564365,-1.0755992114969637,3.7838996773064126
neuralprophet,42,0.7,3,168,23.9818775996282,24.027383606192966,-0.04550600656476789,-7.22537252589351,0.3822504551440494
neuralprophet,42,0.7,4,168,12.349198217760948,13.32482446638168,-0.9756262486207312,1.7240327007713763,-4.943085631582242
neuralprophet,42,0.7,5,168,24.01812581909554,24.060856014168774,-0.042730195073232835,1.6113277710761311,-0.2761027989347093
neuralprophet,42,0.7,6,168,19.14205835796538,19.919647379707285,-0.7775890217419068,-17.192431265967233,1.045098600072879
neuralprophet,42,0.7,7,168,47.75835423106239,48.26991019204672,-0.5115559609843316,17.499623139245166,-11.721172306155198
neuralprophet,42,0.7,8,120,50.94088077177604,52.8124635538226,-1.8715827820465663,-6.577409335951012,8.733384505625057
neuralprophet,42,0.7,9,168,46.13505456731433,45.66263285696238,0.472421710351945,-3.6286633874121157,-1.9841711834781908
neuralprophet,42,0.7,10,168,40.30289413376933,38.54674384867609,1.7561502850932413,-24.111773387662005,-3.135315726231938
neuralprophet,42,0.7,11,120,39.68916743926207,32.032919065455424,7.656248373806648,-32.9499656231006,-17.81883608923298
neuralprophet,42,0.7,12,48,50.81527356664339,52.08669326765261,-1.271419701009222,-12.844026951392493,-28.410626762940318
neuralprophet,42,0.7,13,168,34.89371657344557,48.404584356757994,-13.51086778331242,30.158393145700295,-17.51400689485684
neuralprophet,42,0.7,14,144,55.01435025514828,43.49110457459259,11.52324568055569,54.28988048959109,15.856673133533151
neuralprophet,42,0.7,15,168,59.59717777369987,34.168264902288016,25.428912871411853,58.99522032900935,42.7599182827737
neuralprophet,42,0.7,16,168,51.005010208579755,24.119641547670817,26.885368660908938,50.326453717386435,54.12462971513865
neuralprophet,42,0.7,17,168,70.82078420253026,38.44094180104257,32.37984240148769,70.78388415223075,51.4659065167121
neuralprophet,42,0.7,18,168,94.46259928928954,40.43166113968582,54.03093814960372,94.46259928928956,64.98849086157516
neuralprophet,42,0.7,19,168,104.33230800825925,51.1440401118392,53.188267896420044,103.82289286538249,85.62036676097523
neuralprophet,42,0.7,20,168,109.89734986587648,26.427993051882655,83.46935681399383,109.8973498658765,98.36213503406032
neuralprophet,42,0.7,21,168,92.7585660676729,40.89467058565441,51.86389548201849,92.5097215576399,106.43678541633165
neuralprophet,42,0.7,22,168,78.58481764235667,35.84240877790523,42.74240886445144,78.36781076282263,96.68784071524742
neuralprophet,42,0.7,23,168,61.32843385409741,25.36915154058018,35.959282313517235,61.3254784230675,83.86381974855007
neuralprophet,42,1.0,1,168,25.681921179677754,25.681921179677754,0.0,5.40557096758059,0.0
neuralprophet,42,1.0,2,168,28.282009771225002,28.139720678376616,0.14228909284838664,-1.0755992114969637,5.40557096758059
neuralprophet,42,1.0,3,168,23.9818775996282,23.868271436503754,0.11360616312444449,-7.22537252589351,-1.0755992114969637
neuralprophet,42,1.0,4,168,12.349198217760948,14.191053632014091,-1.8418554142531427,1.7240327007713763,-7.22537252589351
neuralprophet,42,1.0,5,168,24.01812581909554,23.776037967552064,0.24208785154347723,1.6113277710761311,1.7240327007713765
neuralprophet,42,1.0,6,168,19.14205835796538,20.34431925795972,-1.202260899994343,-17.192431265967233,1.6113277710761311
neuralprophet,42,1.0,7,168,47.75835423106239,49.1466601636134,-1.388305932551006,17.499623139245166,-17.192431265967233
neuralprophet,42,1.0,8,120,50.94088077177604,56.310636533354,-5.369755761577963,-6.577409335951012,17.499623139245166
neuralprophet,42,1.0,9,168,46.13505456731433,44.670069105195864,1.464985462118463,-3.6286633874121157,-6.577409335951012
neuralprophet,42,1.0,10,168,40.30289413376933,38.282450458758134,2.020443675011194,-24.111773387662005,-3.628663387412116
neuralprophet,42,1.0,11,120,39.68916743926207,30.600997977735027,9.088169461527045,-32.9499656231006,-24.111773387662005
neuralprophet,42,1.0,12,48,50.81527356664339,52.71715291881727,-1.9018793521738786,-12.844026951392493,-32.9499656231006
neuralprophet,42,1.0,13,168,34.89371657344557,44.29700510998094,-9.403288536535364,30.158393145700295,-12.844026951392491
neuralprophet,42,1.0,14,144,55.01435025514828,38.4682808130469,16.546069442101377,54.28988048959109,30.15839314570029
neuralprophet,42,1.0,15,168,59.59717777369987,32.82209972237962,26.77507805132025,58.99522032900935,54.28988048959109
neuralprophet,42,1.0,16,168,51.005010208579755,23.70423403310634,27.300776175473416,50.326453717386435,58.99522032900935
neuralprophet,42,1.0,17,168,70.82078420253026,38.654416265586924,32.16636793694334,70.78388415223075,50.32645371738644
neuralprophet,42,1.0,18,168,94.46259928928954,38.79250765123943,55.67009163805011,94.46259928928956,70.78388415223075
neuralprophet,42,1.0,19,168,104.33230800825925,51.22197534998765,53.110332658271595,103.82289286538249,94.46259928928956
neuralprophet,42,1.0,20,168,109.89734986587648,24.417715760498325,85.47963410537815,109.8973498658765,103.82289286538249
neuralprophet,42,1.0,21,168,92.7585660676729,41.6729207158621,51.085645351810804,92.5097215576399,109.8973498658765
neuralprophet,42,1.0,22,168,78.58481764235667,34.81472691340309,43.770090728953576,78.36781076282263,92.5097215576399
neuralprophet,42,1.0,23,168,61.32843385409741,21.746910045388198,39.581523808709214,61.3254784230675,78.36781076282263
neuralprophet,123,0.0,1,168,27.5725178516053,27.5725178516053,0.0,-0.23893682870126937,0.0
neuralprophet,123,0.0,2,168,33.529602039087386,33.529602039087386,0.0,-3.2568974848020646,0.0
neuralprophet,123,0.0,3,168,28.983038130870888,28.983038130870888,0.0,-3.8845362230283897,0.0
neuralprophet,123,0.0,4,168,14.301714854481675,14.301714854481675,0.0,7.608857918708096,0.0
neuralprophet,123,0.0,5,168,28.084172689545724,28.084172689545724,0.0,7.007967935942467,0.0
neuralprophet,123,0.0,6,168,20.419527849384718,20.419527849384718,0.0,-14.040900372181621,0.0
neuralprophet,123,0.0,7,168,47.19340599786668,47.193405997866684,-7.105427357601002e-15,22.44850686572847,0.0
neuralprophet,123,0.0,8,120,55.05812039079269,55.058120390792695,-7.105427357601002e-15,-2.5491354177196826,0.0
neuralprophet,123,0.0,9,168,41.59256658656257,41.59256658656257,0.0,1.5162926393463478,0.0
neuralprophet,123,0.0,10,168,39.20380316321339,39.20380316321339,0.0,-22.892945719261963,0.0
neuralprophet,123,0.0,11,120,40.21012977719307,40.210129777193075,-7.105427357601002e-15,-29.61847958572706,0.0
neuralprophet,123,0.0,12,48,51.87839573502541,51.87839573502541,0.0,-10.64412034392357,0.0
neuralprophet,123,0.0,13,168,37.450546512731485,37.450546512731485,0.0,32.59017082306601,0.0
neuralprophet,123,0.0,14,144,56.19898122979535,56.19898122979535,0.0,55.541680824293024,0.0
neuralprophet,123,0.0,15,168,61.351230421931966,61.351230421931966,0.0,59.43211559518462,0.0
neuralprophet,123,0.0,16,168,50.365367101955975,50.36536710195599,-1.4210854715202004e-14,48.41955217067684,0.0
neuralprophet,123,0.0,17,168,67.33895942862544,67.33895942862544,0.0,67.1939960914992,0.0
neuralprophet,123,0.0,18,168,89.95505586310512,89.95505586310512,0.0,89.95505586310512,0.0
neuralprophet,123,0.0,19,168,98.41502398604437,98.4150239860444,-2.842170943040401e-14,97.32456493354978,0.0
neuralprophet,123,0.0,20,168,101.1137626911203,101.11376269112031,-1.4210854715202004e-14,101.11376269112031,0.0
neuralprophet,123,0.0,21,168,86.8971937632135,86.89719376321351,-1.4210854715202004e-14,86.65642514894407,0.0
neuralprophet,123,0.0,22,168,71.4839733921772,71.4839733921772,0.0,71.4839733921772,0.0
neuralprophet,123,0.0,23,168,53.338134939613795,53.338134939613795,0.0,53.21833236927078,0.0
neuralprophet,123,0.1,1,168,27.5725178516053,27.5725178516053,0.0,-0.23893682870126937,0.0
neuralprophet,123,0.1,2,168,33.529602039087386,33.530170936298575,-0.0005688972111883572,-3.2568974848020646,-0.0238936828701269
neuralprophet,123,0.1,3,168,28.983038130870888,28.949972029626764,0.03306610124412401,-3.8845362230283897,-0.3471940630633207
neuralprophet,123,0.1,4,168,14.301714854481675,14.54329107224029,-0.24157621775861493,7.608857918708096,-0.7009282790598277
neuralprophet,123,0.1,5,168,28.084172689545724,28.053208322708347,0.030964366837377355,7.007967935942467,0.1300503407169646
neuralprophet,123,0.1,6,168,20.419527849384718,20.829261571689248,-0.4097337223045301,-14.040900372181621,0.8178421002395149
neuralprophet,123,0.1,7,168,47.19340599786668,47.23816065170683,-0.04475465384015109,22.44850686572847,-0.6680321470025987
neuralprophet,123,0.1,8,120,55.05812039079269,55.37651481102341,-0.3183944202307245,-2.5491354177196826,1.6436217542705085
neuralprophet,123,0.1,9,168,41.59256658656257,41.817099077278,-0.2245324907154327,1.5162926393463478,1.2243460370714891
neuralprophet,123,0.1,10,168,39.20380316321339,39.86025994182478,-0.6564567786113926,-22.892945719261963,1.253540697298975
neuralprophet,123,0.1,11,120,40.21012977719307,39.63019157986634,0.5799381973267259,-29.61847958572706,-1.1611079443571188
neuralprophet,123,0.1,12,48,51.87839573502541,51.37754009646364,0.5008556385617666,-10.64412034392357,-4.0068451084941135
neuralprophet,123,0.1,13,168,37.450546512731485,40.55948568522909,-3.1089391724976068,32.59017082306601,-4.670572632037059
neuralprophet,123,0.1,14,144,56.19898122979535,56.9986470055299,-0.799665775734546,55.541680824293024,-0.9444982865267524
neuralprophet,123,0.1,15,168,61.351230421931966,57.22965565474037,4.121574767191596,59.43211559518462,4.704119624555226
neuralprophet,123,0.1,16,168,50.365367101955975,42.78032481837336,7.585042283582617,48.41955217067684,10.176919221618164
neuralprophet,123,0.1,17,168,67.33895942862544,54.7443483895345,12.594611039090942,67.1939960914992,14.001182516524032
neuralprophet,123,0.1,18,168,89.95505586310512,70.84785770995809,19.107198153147024,89.95505586310512,19.32046387402155
neuralprophet,123,0.1,19,168,98.41502398604437,76.01761481787233,22.397409168172047,97.32456493354978,26.38392307292991
neuralprophet,123,0.1,20,168,101.1137626911203,68.78917330379126,32.32458938732904,101.11376269112031,33.4779872589919
neuralprophet,123,0.1,21,168,86.8971937632135,54.50125087139141,32.39594289182208,86.65642514894407,40.24156480220475
neuralprophet,123,0.1,22,168,71.4839733921772,36.099000084315264,35.38497330786194,71.4839733921772,44.88305083687868
neuralprophet,123,0.1,23,168,53.338134939613795,15.58190921219605,37.75622572741774,53.21833236927078,47.543143092408535
neuralprophet,123,0.2,1,168,27.5725178516053,27.5725178516053,0.0,-0.23893682870126937,0.0
neuralprophet,123,0.2,2,168,33.529602039087386,33.53073983350977,-0.00113779442238382,-3.2568974848020646,-0.0477873657402538
neuralprophet,123,0.2,3,168,28.983038130870888,28.921615356742688,0.061422774128200075,-3.8845362230283897,-0.6896093895526161
neuralprophet,123,0.2,4,168,14.301714854481675,14.78573890998905,-0.4840240555073745,7.608857918708096,-1.328594756247771
neuralprophet,123,0.2,5,168,28.084172689545724,27.974911789844924,0.1092608997008,7.007967935942467,0.4588957787434025
neuralprophet,123,0.2,6,168,20.419527849384718,21.34208908842566,-0.9225612390409417,-14.040900372181621,1.7687102101832155
neuralprophet,123,0.2,7,168,47.19340599786668,47.3018106885501,-0.10840469068342173,22.44850686572847,-1.393211906289752
neuralprophet,123,0.2,8,120,55.05812039079269,55.74496299393547,-0.6868426031427788,-2.5491354177196826,3.375131848113893
neuralprophet,123,0.2,9,168,41.59256658656257,42.00732214222275,-0.41475555566017874,1.5162926393463478,2.1902783949471774
neuralprophet,123,0.2,10,168,39.20380316321339,40.29741185654261,-1.093608693329223,-22.892945719261963,2.055481243827012
neuralprophet,123,0.2,11,120,40.21012977719307,38.773195081056734,1.4369346961363334,-29.61847958572706,-2.934204148790784
neuralprophet,123,0.2,12,48,51.87839573502541,50.84451333050316,1.0338824045222452,-10.64412034392357,-8.27105923617804
neuralprophet,123,0.2,13,168,37.450546512731485,43.629325119868135,-6.17877860713665,32.59017082306601,-8.745671457727147
neuralprophet,123,0.2,14,144,56.19898122979535,56.603845444662504,-0.4048642148671533,55.541680824293024,-0.478503001568515
neuralprophet,123,0.2,15,168,61.351230421931966,52.03970569616525,9.311524725766716,59.43211559518462,10.725533763603794
neuralprophet,123,0.2,16,168,50.365367101955975,36.371098343015014,13.994268758940962,48.41955217067684,20.46685012991996
neuralprophet,123,0.2,17,168,67.33895942862544,46.51723050089796,20.821728927727484,67.1939960914992,26.05739053807134
neuralprophet,123,0.2,18,168,89.95505586310512,57.50849051656124,32.44656534654388,89.95505586310512,34.28471164875691
neuralprophet,123,0.2,19,168,98.41502398604437,62.95220615012669,35.46281783591768,97.32456493354978,45.41878049162656
neuralprophet,123,0.2,20,168,101.1137626911203,49.96358443158597,51.15017825953433,101.11376269112031,55.7999373800112
neuralprophet,123,0.2,21,168,86.8971937632135,41.7372713787901,45.159922384423396,86.65642514894407,64.86270244223303
neuralprophet,123,0.2,22,168,71.4839733921772,29.102202774629745,42.38177061754746,71.4839733921772,69.22144698357523
neuralprophet,123,0.2,23,168,53.338134939613795,20.670270242292993,32.6678646973208,53.21833236927078,69.67395226529564
neuralprophet,123,0.3,1,168,27.5725178516053,27.5725178516053,0.0,-0.23893682870126937,0.0
neuralprophet,123,0.3,2,168,33.529602039087386,33.531308730720966,-0.0017066916335792826,-3.2568974848020646,-0.0716810486103808
neuralprophet,123,0.3,3,168,28.983038130870888,28.89771427350859,0.08532385736229742,-3.8845362230283897,-1.027245979467886
neuralprophet,123,0.3,4,168,14.301714854481675,15.020139288801321,-0.7184244343196458,7.608857918708096,-1.8844330525360369
neuralprophet,123,0.3,5,168,28.084172689545724,27.867753331493986,0.21641935805173773,7.007967935942467,0.9635542388372028
neuralprophet,123,0.3,6,168,20.419527849384718,21.910397612388774,-1.4908697630040564,-14.040900372181621,2.776878347968782
neuralprophet,123,0.3,7,168,47.19340599786668,47.39509325300632,-0.20168725513964603,22.44850686572847,-2.2684552680763383
neuralprophet,123,0.3,8,120,55.05812039079269,56.12878832412489,-1.070667933332203,-2.5491354177196826,5.146633372065104
neuralprophet,123,0.3,9,168,41.59256658656257,42.14609878654757,-0.5535321999849998,1.5162926393463478,2.8379027351296675
neuralprophet,123,0.3,10,168,39.20380316321339,40.51335361536023,-1.3095504521468442,-22.892945719261963,2.4414197063946714
neuralprophet,123,0.3,11,120,40.21012977719307,37.72781551627563,2.482314260917434,-29.61847958572706,-5.158889921302318
neuralprophet,123,0.3,12,48,51.87839573502541,50.349155431532175,1.529240303493232,-10.64412034392357,-12.49676682062974
neuralprophet,123,0.3,13,168,37.450546512731485,46.301811788672104,-8.85126527594062,32.59017082306601,-11.940972877617888
neuralprophet,123,0.3,14,144,56.19898122979535,55.01700603597262,1.1819751938227299,55.541680824293024,1.4183702325872805
neuralprophet,123,0.3,15,168,61.351230421931966,46.28600613989167,15.065224282040298,59.43211559518462,17.655363410099003
neuralprophet,123,0.3,16,168,50.365367101955975,31.7396967146618,18.625670387294175,48.41955217067684,30.18838906562469
neuralprophet,123,0.3,17,168,67.33895942862544,42.525102985548486,24.813856443076958,67.1939960914992,35.65773799714033
neuralprophet,123,0.3,18,168,89.95505586310512,49.26336316351804,40.69169269958708,89.95505586310512,45.11861542544799
neuralprophet,123,0.3,19,168,98.41502398604437,56.241005907539474,42.1740180785049,97.32456493354978,58.56954755674512
neuralprophet,123,0.3,20,168,101.1137626911203,39.013161377793054,62.100601313327246,101.11376269112031,70.19605276978652
neuralprophet,123,0.3,21,168,86.8971937632135,37.875708487913435,49.02148527530006,86.65642514894407,79.47136574618665
neuralprophet,123,0.3,22,168,71.4839733921772,29.991350493113796,41.492622899063406,71.4839733921772,81.62688356701388
neuralprophet,123,0.3,23,168,53.338134939613795,27.518934443306687,25.819200496307108,53.21833236927078,78.58401051456286
neuralprophet,123,0.5,1,168,27.5725178516053,27.5725178516053,0.0,-0.23893682870126937,0.0
neuralprophet,123,0.5,2,168,33.529602039087386,33.53244652514336,-0.002844486055970208,-3.2568974848020646,-0.1194684143506346
neuralprophet,123,0.5,3,168,28.983038130870888,28.858372787192604,0.1246653436782843,-3.8845362230283897,-1.6881829495763496
neuralprophet,123,0.5,4,168,14.301714854481675,15.421181958333802,-1.119467103852127,7.608857918708096,-2.78635958630237
neuralprophet,123,0.5,5,168,28.084172689545724,27.599434403211674,0.4847382863340499,7.007967935942467,2.411249166202863
neuralprophet,123,0.5,6,168,20.419527849384718,23.093119307508097,-2.6735914581233793,-14.040900372181621,4.709608551072665
neuralprophet,123,0.5,7,168,47.19340599786668,47.66337462549392,-0.4699686276272459,22.44850686572847,-4.665645910554478
neuralprophet,123,0.5,8,120,55.05812039079269,57.00504913140526,-1.9469287406125702,-2.5491354177196826,8.891430477586995
neuralprophet,123,0.5,9,168,41.59256658656257,42.21750838543414,-0.6249417988715678,1.5162926393463478,3.1711475299336565
neuralprophet,123,0.5,10,168,39.20380316321339,40.45868835080702,-1.2548851875936364,-22.892945719261963,2.343720084640002
neuralprophet,123,0.5,11,120,40.21012977719307,35.58064036028317,4.629489416909898,-29.61847958572706,-10.27461281731098
neuralprophet,123,0.5,12,48,51.87839573502541,50.37179253457418,1.5066032004512238,-10.64412034392357,-19.94654620151902
neuralprophet,123,0.5,13,168,37.450546512731485,49.219228644742834,-11.76868213201135,32.59017082306601,-15.295333272721294
neuralprophet,123,0.5,14,144,56.19898122979535,49.708643933206716,6.490337296588635,55.541680824293024,8.647418775172358
neuralprophet,123,0.5,15,168,61.351230421931966,37.04553358277652,24.305696839155445,59.43211559518462,32.09454979973269
neuralprophet,123,0.5,16,168,50.365367101955975,27.19337640747302,23.171990694482954,48.41955217067684,45.76333269745865
neuralprophet,123,0.5,17,168,67.33895942862544,39.30530138058997,28.033658048035477,67.1939960914992,47.091442434067744
neuralprophet,123,0.5,18,168,89.95505586310512,41.8233495673231,48.13170629578202,89.95505586310512,57.14271926278347
neuralprophet,123,0.5,19,168,98.41502398604437,52.14100907212759,46.27401491391679,97.32456493354978,73.54888756294429
neuralprophet,123,0.5,20,168,101.1137626911203,29.60699285855781,71.5067698325625,101.11376269112031,85.43672624824703
neuralprophet,123,0.5,21,168,86.8971937632135,37.48435521976358,49.412838543449915,86.65642514894407,93.27524446968368
neuralprophet,123,0.5,22,168,71.4839733921772,32.618895114792394,38.86507827738481,71.4839733921772,89.96583480931386
neuralprophet,123,0.5,23,168,53.338134939613795,29.33361211315474,24.004522826459056,53.21833236927078,80.72490410074553
neuralprophet,123,0.7,1,168,27.5725178516053,27.5725178516053,0.0,-0.23893682870126937,0.0
neuralprophet,123,0.7,2,168,33.529602039087386,33.53358431956575,-0.003982280478361133,-3.2568974848020646,-0.1672557800908885
neuralprophet,123,0.7,3,168,28.983038130870888,28.826331263426894,0.15670686744399376,-3.8845362230283897,-2.330004973388712
neuralprophet,123,0.7,4,168,14.301714854481675,15.72769918127441,-1.4259843267927348,7.608857918708096,-3.4181768481364863
neuralprophet,123,0.7,5,168,28.084172689545724,27.298760877717523,0.785411811828201,7.007967935942467,4.3007474886547215
neuralprophet,123,0.7,6,168,20.419527849384718,24.064740429797432,-3.6452125804127142,-14.040900372181621,6.195801801756144
neuralprophet,123,0.7,7,168,47.19340599786668,48.22420939776629,-1.030803399899611,22.44850686572847,-7.969889720000291
neuralprophet,123,0.7,8,120,55.05812039079269,58.2810470770095,-3.222926686216809,-2.5491354177196826,13.32298789000984
neuralprophet,123,0.7,9,168,41.59256658656257,42.012084252148185,-0.4195176655856159,1.5162926393463478,2.212501574599175
neuralprophet,123,0.7,10,168,39.20380316321339,40.113581306984486,-0.9097781437710992,-22.892945719261963,1.7251553199221958
neuralprophet,123,0.7,11,120,40.21012977719307,33.73266523418688,6.477464543006185,-29.61847958572706,-15.507515407506714
neuralprophet,123,0.7,12,48,51.87839573502541,50.87159285877238,1.0068028762530261,-10.64412034392357,-25.385190332260954
neuralprophet,123,0.7,13,168,37.450546512731485,49.01758575200543,-11.567039239273946,32.59017082306601,-15.066441340424786
neuralprophet,123,0.7,14,144,56.19898122979535,43.671931636336055,12.527049593459296,55.541680824293024,18.29318717401877
neuralprophet,123,0.7,15,168,61.351230421931966,32.63550157247972,28.715728849452248,59.43211559518462,44.367132729210745
neuralprophet,123,0.7,16,168,50.365367101955975,26.063766992283675,24.3016001096723,48.41955217067684,54.91262073539246
neuralprophet,123,0.7,17,168,67.33895942862544,38.59510055315731,28.743858875468135,67.1939960914992,50.36747274009152
neuralprophet,123,0.7,18,168,89.95505586310512,39.77928578641902,50.1757700766861,89.95505586310512,62.1460390860769
neuralprophet,123,0.7,19,168,98.41502398604437,51.64556742541661,46.769456560627766,97.32456493354978,81.61235082999664
neuralprophet,123,0.7,20,168,101.1137626911203,26.30164974040622,74.81211295071408,101.11376269112031,92.61090070248385
neuralprophet,123,0.7,21,168,86.8971937632135,38.31632328119878,48.58087048201472,86.65642514894407,98.56290409452936
neuralprophet,123,0.7,22,168,71.4839733921772,32.72828429116981,38.7556891010074,71.4839733921772,90.22836883261964
neuralprophet,123,0.7,23,168,53.338134939613795,26.31073951879492,27.027395420818873,53.21833236927078,77.10729202430994
neuralprophet,123,1.0,1,168,27.5725178516053,27.5725178516053,0.0,-0.23893682870126937,0.0
neuralprophet,123,1.0,2,168,33.529602039087386,33.53529101119931,-0.005688972111926205,-3.2568974848020646,-0.2389368287012693
neuralprophet,123,1.0,3,168,28.983038130870888,28.782193524788166,0.2008446060827218,-3.8845362230283897,-3.2568974848020646
neuralprophet,123,1.0,4,168,14.301714854481675,15.961997673272782,-1.6602828187911065,7.608857918708096,-3.8845362230283897
neuralprophet,123,1.0,5,168,28.084172689545724,26.950943388855606,1.1332293006901182,7.007967935942467,7.608857918708096
neuralprophet,123,1.0,6,168,20.419527849384718,24.618706316907396,-4.199178467522678,-14.040900372181621,7.007967935942467
neuralprophet,123,1.0,7,168,47.19340599786668,49.78309868523256,-2.5896926873658828,22.44850686572847,-14.04090037218162
neuralprophet,123,1.0,8,120,55.05812039079269,61.35232531554264,-6.294204924749955,-2.5491354177196826,22.44850686572847
neuralprophet,123,1.0,9,168,41.59256658656257,41.21572120226849,0.37684538429407866,1.5162926393463478,-2.5491354177196826
neuralprophet,123,1.0,10,168,39.20380316321339,40.00101991077872,-0.7972167475653364,-22.892945719261963,1.5162926393463478
neuralprophet,123,1.0,11,120,40.21012977719307,32.229725567354095,7.980404209838973,-29.61847958572706,-22.892945719261963
neuralprophet,123,1.0,12,48,51.87839573502541,51.52466270567311,0.35373302935229844,-10.64412034392357,-29.61847958572706
neuralprophet,123,1.0,13,168,37.450546512731485,45.2091078854033,-7.758561372671814,32.59017082306601,-10.64412034392357
neuralprophet,123,1.0,14,144,56.19898122979535,38.02686363607014,18.17211759372521,55.541680824293024,32.59017082306601
neuralprophet,123,1.0,15,168,61.351230421931966,31.41891565832906,29.932314763602907,59.43211559518462,55.541680824293024
neuralprophet,123,1.0,16,168,50.365367101955975,25.8950471640287,24.470319937927275,48.41955217067684,59.43211559518462
neuralprophet,123,1.0,17,168,67.33895942862544,39.004895606833145,28.3340638217923,67.1939960914992,48.41955217067684
neuralprophet,123,1.0,18,168,89.95505586310512,38.41772466040557,51.53733120269955,89.95505586310512,67.1939960914992
neuralprophet,123,1.0,19,168,98.41502398604437,52.19873936092655,46.21628462511782,97.32456493354978,89.95505586310512
neuralprophet,123,1.0,20,168,101.1137626911203,24.639773000310477,76.47398969080982,101.11376269112031,97.32456493354978
neuralprophet,123,1.0,21,168,86.8971937632135,38.771833744875735,48.12536001833776,86.65642514894407,101.11376269112031
neuralprophet,123,1.0,22,168,71.4839733921772,31.389895838132453,40.09407755404475,71.4839733921772,86.65642514894407
neuralprophet,123,1.0,23,168,53.338134939613795,21.90549332064516,31.432641618968635,53.21833236927078,71.4839733921772
neuralprophet,2026,0.0,1,168,28.994939013960817,28.994939013960817,0.0,-11.368384121415161,0.0
neuralprophet,2026,0.0,2,168,35.05207598691895,35.05207598691895,0.0,-7.474940518367857,0.0
neuralprophet,2026,0.0,3,168,27.9517175481433,27.9517175481433,0.0,-5.850992665744964,0.0
neuralprophet,2026,0.0,4,168,15.377362496483894,15.377362496483894,0.0,4.8140487379970995,0.0
neuralprophet,2026,0.0,5,168,28.08374882452545,28.083748824525454,-3.552713678800501e-15,-2.7779939371773206,0.0
neuralprophet,2026,0.0,6,168,23.851719358024145,23.851719358024145,0.0,-21.68426071944691,0.0
neuralprophet,2026,0.0,7,168,47.73564134745371,47.73564134745371,0.0,31.500684104760484,0.0
neuralprophet,2026,0.0,8,120,59.405357932726545,59.405357932726545,0.0,-24.59140716838837,0.0
neuralprophet,2026,0.0,9,168,39.87628498190926,39.87628498190925,7.105427357601002e-15,1.9979164734340857,0.0
neuralprophet,2026,0.0,10,168,40.62841638345094,40.62841638345094,0.0,-25.499604822269507,0.0
neuralprophet,2026,0.0,11,120,33.14425613236427,33.144256132364276,-7.105427357601002e-15,-3.959665894587834,0.0
neuralprophet,2026,0.0,12,48,55.26277494246761,55.26277494246761,0.0,9.221358483384055,0.0
neuralprophet,2026,0.0,13,168,51.9479425681205,51.9479425681205,0.0,51.15817717075348,0.0
neuralprophet,2026,0.0,14,144,32.988599498338175,32.988599498338175,0.0,13.186508779591984,0.0
neuralprophet,2026,0.0,15,168,26.185186830929347,26.18518683092935,-3.552713678800501e-15,6.889465909912471,0.0
neuralprophet,2026,0.0,16,168,25.89375760963985,25.89375760963985,0.0,-14.145297549792698,0.0
neuralprophet,2026,0.0,17,168,37.102016177404494,37.102016177404494,0.0,21.148069843110584,0.0
neuralprophet,2026,0.0,18,168,39.98642284257072,39.98642284257072,0.0,14.179868781226022,0.0
neuralprophet,2026,0.0,19,168,64.06809692882356,64.06809692882355,1.4210854715202004e-14,4.121520763124739,0.0
neuralprophet,2026,0.0,20,168,16.32208751950945,16.322087519509452,-3.552713678800501e-15,0.3238626071384973,0.0
neuralprophet,2026,0.0,21,168,34.73722467059181,34.73722467059181,0.0,-19.969260632651192,0.0
neuralprophet,2026,0.0,22,168,34.39011067526681,34.39011067526681,0.0,-21.343094169980002,0.0
neuralprophet,2026,0.0,23,168,24.29936525042568,24.299365250425677,3.552713678800501e-15,-21.960136091212433,0.0
neuralprophet,2026,0.1,1,168,28.994939013960817,28.994939013960817,0.0,-11.368384121415161,0.0
neuralprophet,2026,0.1,2,168,35.05207598691895,34.98440703381529,0.06766895310366294,-7.474940518367857,-1.1368384121415165
neuralprophet,2026,0.1,3,168,27.9517175481433,27.81534620067826,0.13637134746504032,-5.850992665744964,-1.7706486227641505
neuralprophet,2026,0.1,4,168,15.377362496483894,15.99575168832035,-0.6183891918364566,4.8140487379970995,-2.178683027062232
neuralprophet,2026,0.1,5,168,28.08374882452545,28.077585576723465,0.0061632478019859605,-2.7779939371773206,-1.4794098505562987
neuralprophet,2026,0.1,6,168,23.851719358024145,22.75501366064888,1.0967056973752634,-21.68426071944691,-1.6092682592184009
neuralprophet,2026,0.1,7,168,47.73564134745371,48.8255039487257,-1.0898626012719888,31.500684104760484,-3.616767505241252
neuralprophet,2026,0.1,8,120,59.405357932726545,59.36684973983815,0.03850819288839347,-24.59140716838837,-0.1050223442410778
neuralprophet,2026,0.1,9,168,39.87628498190926,39.59499634493225,0.2812886369770098,1.9979164734340857,-2.5536608266558067
neuralprophet,2026,0.1,10,168,40.62841638345094,39.40214355081504,1.2262728326358996,-25.499604822269507,-2.0985030966468177
neuralprophet,2026,0.1,11,120,33.14425613236427,32.85447146991689,0.28978466244738144,-3.959665894587834,-4.438613269209087
neuralprophet,2026,0.1,12,48,55.26277494246761,55.9792420853905,-0.7164671429228946,9.221358483384055,-4.390718531746962
neuralprophet,2026,0.1,13,168,51.9479425681205,54.712716822728865,-2.764774254608362,51.15817717075348,-3.02951083023386
neuralprophet,2026,0.1,14,144,32.988599498338175,32.750885724557534,0.23771377378064074,13.186508779591984,2.3892579698648744
neuralprophet,2026,0.1,15,168,26.185186830929347,26.602203189414976,-0.417016358485629,6.889465909912471,3.4689830508375854
neuralprophet,2026,0.1,16,168,25.89375760963985,26.54752219829258,-0.6537645886527308,-14.145297549792698,3.811031336745074
neuralprophet,2026,0.1,17,168,37.102016177404494,36.65122548630233,0.4507906911021635,21.148069843110584,2.0153984480912968
neuralprophet,2026,0.1,18,168,39.98642284257072,39.61226421518088,0.3741586273898392,14.179868781226022,3.9286655875932257
neuralprophet,2026,0.1,19,168,64.06809692882356,65.39847630656305,-1.33037937773949,4.121520763124739,4.953785906956505
neuralprophet,2026,0.1,20,168,16.32208751950945,17.17800276513669,-0.8559152456272408,0.3238626071384973,4.870559392573329
neuralprophet,2026,0.1,21,168,34.73722467059181,36.65346602824034,-1.9162413576485307,-19.969260632651192,4.415889714029845
neuralprophet,2026,0.1,22,168,34.39011067526681,35.33171766543907,-0.9416069901722608,-21.343094169980002,1.977374679361741
neuralprophet,2026,0.1,23,168,24.29936525042568,24.033361096246352,0.26600415417932766,-21.960136091212433,-0.3546722055724332
neuralprophet,2026,0.2,1,168,28.994939013960817,28.994939013960817,0.0,-11.368384121415161,0.0
neuralprophet,2026,0.2,2,168,35.05207598691895,34.93384687600706,0.1182291109118907,-7.474940518367857,-2.2736768242830325
neuralprophet,2026,0.2,3,168,27.9517175481433,27.765181670516853,0.1865358776264472,-5.850992665744964,-3.3139295630999976
neuralprophet,2026,0.2,4,168,15.377362496483894,16.547954114565048,-1.1705916180811542,4.8140487379970995,-3.821342183628991
neuralprophet,2026,0.2,5,168,28.08374882452545,28.094903549161256,-0.011154724635805024,-2.7779939371773206,-2.094263999303773
neuralprophet,2026,0.2,6,168,23.851719358024145,22.360847489708313,1.490871868315832,-21.68426071944691,-2.2310099868784823
neuralprophet,2026,0.2,7,168,47.73564134745371,49.75550321010238,-2.019861862648675,31.500684104760484,-6.121660133392169
neuralprophet,2026,0.2,8,120,59.405357932726545,59.9385699519769,-0.5332120192503567,-24.59140716838837,1.402808714238362
neuralprophet,2026,0.2,9,168,39.87628498190926,39.47799929747934,0.39828568442991497,1.9979164734340857,-3.796034462286984
neuralprophet,2026,0.2,10,168,40.62841638345094,39.09941000612351,1.529006377327427,-25.499604822269507,-2.63724427514277
neuralprophet,2026,0.2,11,120,33.14425613236427,32.90065652183954,0.24359961052473267,-3.959665894587834,-7.209716384568118
neuralprophet,2026,0.2,12,48,55.26277494246761,56.34074004452801,-1.0779651020604035,9.221358483384055,-6.559706286572062
neuralprophet,2026,0.2,13,168,51.9479425681205,55.05998628919391,-3.1120437210734053,51.15817717075348,-3.4034933325808385
neuralprophet,2026,0.2,14,144,32.988599498338175,32.76884062067981,0.21975887765836433,13.186508779591984,7.508840768086026
neuralprophet,2026,0.2,15,168,26.185186830929347,27.661559935931542,-1.476373105002196,6.889465909912471,8.644374370387219
neuralprophet,2026,0.2,16,168,25.89375760963985,28.227207280786306,-2.3334496711464574,-14.145297549792698,8.29339267829227
neuralprophet,2026,0.2,17,168,37.102016177404494,36.27136056734374,0.8306556100607523,21.148069843110584,3.805654632675276
neuralprophet,2026,0.2,18,168,39.98642284257072,39.523092719633276,0.46333012293744247,14.179868781226022,7.274137674762338
neuralprophet,2026,0.2,19,168,64.06809692882356,66.41843784103118,-2.3503409122076135,4.121520763124739,8.655283896055074
neuralprophet,2026,0.2,20,168,16.32208751950945,18.187315822620462,-1.8652283031110137,0.3238626071384973,7.748531269469008
neuralprophet,2026,0.2,21,168,34.73722467059181,37.579330180057525,-2.8421055094657177,-19.969260632651192,6.263597537002906
neuralprophet,2026,0.2,22,168,34.39011067526681,34.874408724348754,-0.48429804908194285,-21.343094169980002,1.0170259030720863
neuralprophet,2026,0.2,23,168,24.29936525042568,21.882118641588836,2.4172466088368445,-21.960136091212433,-3.4549981115383317
neuralprophet,2026,0.3,1,168,28.994939013960817,28.994939013960817,0.0,-11.368384121415161,0.0
neuralprophet,2026,0.3,2,168,35.05207598691895,34.89356442855542,0.1585115583635286,-7.474940518367857,-3.410515236424548
neuralprophet,2026,0.3,3,168,27.9517175481433,27.74519011399996,0.2065274341433394,-5.850992665744964,-4.629842821007541
neuralprophet,2026,0.3,4,168,15.377362496483894,16.998766933859404,-1.62140443737551,4.8140487379970995,-4.996187774428767
neuralprophet,2026,0.3,5,168,28.08374882452545,28.09294415970398,-0.009195335178528552,-2.7779939371773206,-2.053116820701007
neuralprophet,2026,0.3,6,168,23.851719358024145,22.336351794758283,1.5153675632658619,-21.68426071944691,-2.270579955643901
neuralprophet,2026,0.3,7,168,47.73564134745371,50.566241656497226,-2.8306003090435183,31.500684104760484,-8.094684184784803
neuralprophet,2026,0.3,8,120,59.405357932726545,60.857962022893986,-1.4526040901674406,-24.59140716838837,3.783926302078783
neuralprophet,2026,0.3,9,168,39.87628498190926,39.40611853613559,0.47016644577367117,1.9979164734340857,-4.728673739061363
neuralprophet,2026,0.3,10,168,40.62841638345094,39.058311639361754,1.5701047440891855,-25.499604822269507,-2.710696675312728
neuralprophet,2026,0.3,11,120,33.14425613236427,32.962028672222,0.18222746014227198,-3.959665894587834,-9.54736911939976
neuralprophet,2026,0.3,12,48,55.26277494246761,56.55929868875871,-1.2965237462911006,9.221358483384055,-7.871058151956182
neuralprophet,2026,0.3,13,168,51.9479425681205,54.44834236532171,-2.5003997972012044,51.15817717075348,-2.7433331613541108
neuralprophet,2026,0.3,14,144,32.988599498338175,33.25937250255213,-0.27077300421395734,13.186508779591984,13.427119938278167
neuralprophet,2026,0.3,15,168,26.185186830929347,29.06036402276043,-2.875177191831085,6.889465909912471,13.35493659067231
neuralprophet,2026,0.3,16,168,25.89375760963985,29.87113374331498,-3.9773761336751328,-14.145297549792698,11.415295386444358
neuralprophet,2026,0.3,17,168,37.102016177404494,36.2832073668763,0.8188088105281963,21.148069843110584,3.74711750557324
neuralprophet,2026,0.3,18,168,39.98642284257072,39.5786187221326,0.4078041204381151,14.179868781226022,8.967403206834442
neuralprophet,2026,0.3,19,168,64.06809692882356,66.9543975504874,-2.8863006216638354,4.121520763124739,10.531142879151917
neuralprophet,2026,0.3,20,168,16.32208751950945,18.538027523227136,-2.2159400037176873,0.3238626071384973,8.608256244343762
neuralprophet,2026,0.3,21,168,34.73722467059181,37.50565145519904,-2.768426784607236,-19.969260632651192,6.122938153182182
neuralprophet,2026,0.3,22,168,34.39011067526681,33.5966910045988,0.7934196706680083,-21.343094169980002,-1.7047214825678303
neuralprophet,2026,0.3,23,168,24.29936525042568,19.38148870343788,4.917876546987799,-21.960136091212433,-7.596233288791482
neuralprophet,2026,0.5,1,168,28.994939013960817,28.994939013960817,0.0,-11.368384121415161,0.0
neuralprophet,2026,0.5,2,168,35.05207598691895,34.857305664229976,0.19477032268897432,-7.474940518367857,-5.684192060707581
neuralprophet,2026,0.5,3,168,27.9517175481433,27.761843042637473,0.18987450550582707,-5.850992665744964,-6.579566289537719
neuralprophet,2026,0.5,4,168,15.377362496483894,17.539388520743678,-2.1620260242597844,4.8140487379970995,-6.215279477641341
neuralprophet,2026,0.5,5,168,28.08374882452545,28.064955021809972,0.01879380271547859,-2.7779939371773206,-0.7006153698221209
neuralprophet,2026,0.5,6,168,23.851719358024145,22.670683551881442,1.1810358061427024,-21.68426071944691,-1.7393046534997207
neuralprophet,2026,0.5,7,168,47.73564134745371,52.18732094335907,-4.451679595905361,31.500684104760484,-11.711782686473317
neuralprophet,2026,0.5,8,120,59.405357932726545,63.388502821339856,-3.9831448886133103,-24.59140716838837,9.894450709143584
neuralprophet,2026,0.5,9,168,39.87628498190926,39.29907851677612,0.5772064651331377,1.9979164734340857,-7.348478229622392
neuralprophet,2026,0.5,10,168,40.62841638345094,39.078127621138805,1.5502887623121353,-25.499604822269507,-2.6752808780941533
neuralprophet,2026,0.5,11,120,33.14425613236427,33.48422507034381,-0.33996893797954186,-3.959665894587834,-14.08744285018183
neuralprophet,2026,0.5,12,48,55.26277494246761,56.75138139216349,-1.4886064496958795,9.221358483384055,-9.023554372384831
neuralprophet,2026,0.5,13,168,51.9479425681205,51.85845975600181,0.08948281211869613,51.15817717075348,0.0989020554996118
neuralprophet,2026,0.5,14,144,32.988599498338175,36.49322644440295,-3.504626946064775,13.186508779591984,25.62853961312655
neuralprophet,2026,0.5,15,168,26.185186830929347,31.32398068344949,-5.138793852520145,6.889465909912471,19.407524196359265
neuralprophet,2026,0.5,16,168,25.89375760963985,30.922440412152646,-5.028682802512797,-14.145297549792698,13.148495053135868
neuralprophet,2026,0.5,17,168,37.102016177404494,37.220683141292206,-0.11866696388771203,21.148069843110584,-0.498401248328415
neuralprophet,2026,0.5,18,168,39.98642284257072,39.64459837869355,0.3418244638771668,14.179868781226022,10.324834297391083
neuralprophet,2026,0.5,19,168,64.06809692882356,67.46803785968298,-3.3999409308594153,4.121520763124739,12.252351539308552
neuralprophet,2026,0.5,20,168,16.32208751950945,18.36336854546112,-2.0412810259516725,0.3238626071384973,8.186936151216646
neuralprophet,2026,0.5,21,168,34.73722467059181,36.5789526584875,-1.8417279878956947,-19.969260632651192,4.255399379177572
neuralprophet,2026,0.5,22,168,34.39011067526681,31.307665884843875,3.0824447904229366,-21.343094169980002,-7.85693062673681
neuralprophet,2026,0.5,23,168,24.29936525042568,16.26272908230739,8.036636168118289,-21.960136091212433,-14.600012398358404
neuralprophet,2026,0.7,1,168,28.994939013960817,28.994939013960817,0.0,-11.368384121415161,0.0
neuralprophet,2026,0.7,2,168,35.05207598691895,34.8581907642097,0.19388522270924824,-7.474940518367857,-7.957868884990613
neuralprophet,2026,0.7,3,168,27.9517175481433,27.790985983126824,0.16073156501647645,-5.850992665744964,-7.619819028354684
neuralprophet,2026,0.7,4,168,15.377362496483894,17.61464711219235,-2.2372846157084574,4.8140487379970995,-6.38164057452788
neuralprophet,2026,0.7,5,168,28.08374882452545,28.169893890913187,-0.08614506638773634,-2.7779939371773206,1.4553419442396054
neuralprophet,2026,0.7,6,168,23.851719358024145,22.821324729168396,1.030394628855749,-21.68426071944691,-1.5079931727522426
neuralprophet,2026,0.7,7,168,47.73564134745371,54.21338452146036,-6.477743174006655,31.500684104760484,-15.63138045543851
neuralprophet,2026,0.7,8,120,59.405357932726545,66.98362763628201,-7.578269703555463,-24.59140716838837,17.361064736700783
neuralprophet,2026,0.7,9,168,39.87628498190926,39.52114623057215,0.35513875133710826,1.9979164734340857,-12.00566559686162
neuralprophet,2026,0.7,10,168,40.62841638345094,39.34234066452487,1.286075718926071,-25.499604822269507,-2.203158147654627
neuralprophet,2026,0.7,11,120,33.14425613236427,34.26283093592665,-1.1185748035623817,-3.959665894587834,-18.51067081988504
neuralprophet,2026,0.7,12,48,55.26277494246761,56.63495022546218,-1.3721752829945686,9.221358483384055,-8.324967372176996
neuralprophet,2026,0.7,13,168,51.9479425681205,48.44485995864503,3.50308260947547,51.15817717075348,3.957460726715739
neuralprophet,2026,0.7,14,144,32.988599498338175,40.692141030305784,-7.703541531967609,13.186508779591984,36.99796223754216
neuralprophet,2026,0.7,15,168,26.185186830929347,31.692602713196862,-5.507415882267516,6.889465909912471,20.32994481697704
neuralprophet,2026,0.7,16,168,25.89375760963985,29.591335556020795,-3.697577946380946,-14.145297549792698,10.921609582031842
neuralprophet,2026,0.7,17,168,37.102016177404494,39.09107222230944,-1.9890560449049488,21.148069843110584,-6.625225410245335
neuralprophet,2026,0.7,18,168,39.98642284257072,39.858719807191996,0.12770303537872252,14.179868781226022,12.816081267103808
neuralprophet,2026,0.7,19,168,64.06809692882356,67.95608889143752,-3.8879919626139525,4.121520763124739,13.770732526989358
neuralprophet,2026,0.7,20,168,16.32208751950945,17.903892007328782,-1.5818044878193334,0.3238626071384973,7.016284292284125
neuralprophet,2026,0.7,21,168,34.73722467059181,35.71133221513355,-0.9741075445417451,-19.969260632651192,2.331589112682186
neuralprophet,2026,0.7,22,168,34.39011067526681,29.7794147613221,4.61069591394471,-21.343094169980002,-13.279005709051177
neuralprophet,2026,0.7,23,168,24.29936525042568,15.287475879941228,9.011889370484452,-21.960136091212433,-18.92386763170136
neuralprophet,2026,1.0,1,168,28.994939013960817,28.994939013960817,0.0,-11.368384121415161,0.0
neuralprophet,2026,1.0,2,168,35.05207598691895,35.051176721209366,0.0008992657095845402,-7.474940518367857,-11.36838412141516
neuralprophet,2026,1.0,3,168,27.9517175481433,27.785811750627296,0.16590579751600387,-5.850992665744964,-7.474940518367857
neuralprophet,2026,1.0,4,168,15.377362496483894,17.37459210583818,-1.9972296093542852,4.8140487379970995,-5.850992665744964
neuralprophet,2026,1.0,5,168,28.08374882452545,28.526585096139765,-0.4428362716143148,-2.7779939371773206,4.8140487379971
neuralprophet,2026,1.0,6,168,23.851719358024145,22.02998318333305,1.8217361746910932,-21.68426071944691,-2.777993937177321
neuralprophet,2026,1.0,7,168,47.73564134745371,57.64446791333474,-9.908826565881036,31.500684104760484,-21.68426071944691
neuralprophet,2026,1.0,8,120,59.405357932726545,75.01078945271175,-15.605431519985203,-24.59140716838837,31.500684104760484
neuralprophet,2026,1.0,9,168,39.87628498190926,42.77382422159967,-2.89753923969041,1.9979164734340857,-24.59140716838837
neuralprophet,2026,1.0,10,168,40.62841638345094,41.83966522526376,-1.211248841812818,-25.499604822269507,1.9979164734340855
neuralprophet,2026,1.0,11,120,33.14425613236427,36.620409072463,-3.4761529400987285,-3.959665894587834,-25.499604822269507
neuralprophet,2026,1.0,12,48,55.26277494246761,55.907399979197315,-0.6446250367297068,9.221358483384055,-3.959665894587834
neuralprophet,2026,1.0,13,168,51.9479425681205,44.22496599798519,7.722976570135316,51.15817717075348,9.221358483384057
neuralprophet,2026,1.0,14,144,32.988599498338175,48.76758879443009,-15.778989296091915,13.186508779591984,51.15817717075348
neuralprophet,2026,1.0,15,168,26.185186830929347,29.00303649881845,-2.817849667889103,6.889465909912471,13.186508779591984
neuralprophet,2026,1.0,16,168,25.89375760963985,27.60183096016345,-1.7080733505236019,-14.145297549792698,6.889465909912471
neuralprophet,2026,1.0,17,168,37.102016177404494,42.55520855673316,-5.453192379328669,21.148069843110584,-14.145297549792698
neuralprophet,2026,1.0,18,168,39.98642284257072,41.20387507434335,-1.2174522317726328,14.179868781226022,21.148069843110584
neuralprophet,2026,1.0,19,168,64.06809692882356,68.08918752034506,-4.021090591521499,4.121520763124739,14.179868781226022
neuralprophet,2026,1.0,20,168,16.32208751950945,16.957369170156465,-0.6352816506470162,0.3238626071384973,4.121520763124739
neuralprophet,2026,1.0,21,168,34.73722467059181,34.868311916338335,-0.13108724574652797,-19.969260632651192,0.3238626071384973
neuralprophet,2026,1.0,22,168,34.39011067526681,28.450631653435373,5.939479021831438,-21.343094169980002,-19.969260632651192
neuralprophet,2026,1.0,23,168,24.29936525042568,15.116731914527154,9.182633335898526,-21.960136091212433,-21.34309416998
