stream,training_q95_threshold,hours,mae,rmse,share_of_scored_hours
sarimax_frozen_s42,691.335,158,51.02328311785043,67.68874357399059,0.04359823399558499
sarimax_walk_s42,691.335,158,50.99020175470133,67.63349251197721,0.04359823399558499
sarimax_frozen_s42_ewma03,691.335,158,47.67341002404119,63.99256205938887,0.04359823399558499
prophet_frozen_s42,691.335,158,50.60026574844646,61.75667601552338,0.04359823399558499
prophet_walk_s42,691.335,158,49.95074044552787,60.5917734685042,0.04359823399558499
prophet_frozen_s42_ewma03,691.335,158,49.93706768579325,60.773129962901656,0.04359823399558499
neuralprophet_frozen_s42,691.335,158,32.32323611488826,41.34689632966898,0.04359823399558499
neuralprophet_walk_s42,691.335,158,32.1465384876879,40.8799934452332,0.04359823399558499
neuralprophet_frozen_s42_ewma03,691.335,158,32.67297060042276,41.83889468920055,0.04359823399558499
neuralprophet_frozen_s123,691.335,158,37.23613078829609,46.081065573562945,0.04359823399558499
neuralprophet_walk_s123,691.335,158,36.70799591450752,45.64221608802228,0.04359823399558499
neuralprophet_frozen_s123_ewma03,691.335,158,37.41312377090955,46.19571163148212,0.04359823399558499
neuralprophet_frozen_s2026,691.335,158,43.064599269432364,52.20239229331552,0.04359823399558499
neuralprophet_walk_s2026,691.335,158,43.3992853324021,52.60185649505981,0.04359823399558499
neuralprophet_frozen_s2026_ewma03,691.335,158,43.603719204253885,52.966317458197985,0.04359823399558499
persistence,691.335,158,320.6740506329114,367.6844410443226,0.04359823399558499
daily_persistence,691.335,158,556.2924683544305,601.7355573708691,0.04359823399558499
weekly_persistence,691.335,158,536.797658227848,612.332340703575,0.04359823399558499
sarimax_frozen_no_inputs,691.335,158,489.1312697823231,516.5232222276935,0.04359823399558499
sarimax_frozen_clip,691.335,158,77.28400870519174,109.55825174542599,0.04359823399558499
prophet_frozen_no_inputs,691.335,158,577.0681059640984,597.6926046261513,0.04359823399558499
prophet_frozen_broad,691.335,158,17.98210126980564,20.950567514731524,0.04359823399558499
prophet_frozen_clip,691.335,158,74.42623789645204,95.92403096534422,0.04359823399558499
neuralprophet_frozen_no_inputs,691.335,158,528.8152357849895,553.6916758531443,0.04359823399558499
neuralprophet_frozen_broad,691.335,158,18.711362551918523,23.334217505335456,0.04359823399558499
neuralprophet_frozen_clip,691.335,158,51.93897637089598,82.31585441445881,0.04359823399558499
