stream,windows,hours,pooled_mae,pooled_rmse,mean_weekly_mae,weekly_mae_sd,mean_weekly_rmse,weekly_rmse_sd
sarimax_frozen_s42,23,3624,30.48407362410646,46.96418153997402,30.65835897209062,14.991111057119062,41.7411356350298,21.849881739455235
sarimax_walk_s42,23,3624,30.429635687383545,46.87777184640615,30.59692669038421,14.9156334204979,41.658456485432446,21.781711636763468
sarimax_frozen_s42_ewma03,23,3624,29.938455399674062,43.80220209510314,30.166396365662397,13.127677353965906,39.60082488023704,19.07088434286299
prophet_frozen_s42,23,3624,43.9287877179539,57.56029600329302,44.20173289181185,15.37914600278404,54.704657576144,18.50850954388284
prophet_walk_s42,23,3624,38.72032863828775,51.1347062232715,39.01212401006576,11.80193389283659,49.152402564020115,14.89195917671117
prophet_frozen_s42_ewma03,23,3624,37.68693196730275,49.96871058706816,38.068342849363034,10.841880202181478,48.26698048242686,14.078402408269591
neuralprophet_frozen_s42,23,3624,53.39200457789744,70.16895104775863,53.12138823461462,27.6774480653346,63.234925874167814,29.654592154555665
neuralprophet_walk_s42,23,3624,41.94900533174302,56.511791972397184,42.383036014451015,17.80484819713477,52.53638702865813,21.78738920083293
neuralprophet_frozen_s42_ewma03,23,3624,37.618174477978755,50.908382980693226,38.28990212586875,12.565765872129443,48.58050091895153,17.199751376567328
neuralprophet_frozen_s123,23,3624,52.36701397702459,67.96258761347714,52.258053234606265,24.3657176671957,62.445719467678366,26.255159971606044
neuralprophet_walk_s123,23,3624,42.25247462990875,56.57505629485312,42.679606239101524,16.824405307600706,53.024356551893135,20.574773354671972
neuralprophet_frozen_s123_ewma03,23,3624,38.022231748335386,50.61365764235081,38.73188189362161,11.288175045304344,48.89887481281544,15.545154798080594
neuralprophet_frozen_s2026,23,3624,34.89135123377144,46.77376274869557,35.795004587828224,12.872839539556258,45.05419693408428,15.866717736958105
neuralprophet_walk_s2026,23,3624,34.61363056550982,46.44172021126728,35.47760514389086,12.659617284622335,44.69767320498014,15.73742649452581
neuralprophet_frozen_s2026_ewma03,23,3624,35.463226761640605,47.21622364105713,36.389087505244156,13.487291927427998,45.361529896949904,16.488762033877705
persistence,23,3624,125.73771523178807,198.32660362049864,127.77693875086267,106.39186626578156,157.2340755057258,123.99345470143315
daily_persistence,23,3624,121.52137141280352,202.34109817694335,119.5282534506556,102.20879523753881,153.61869213150973,127.93743473804334
weekly_persistence,23,3624,152.90309326710818,248.6467068870572,149.81205262249833,119.29303937198137,193.49210391066276,151.1543155650521
sarimax_frozen_no_inputs,23,3624,115.23767240871908,173.53499688476916,113.0628296278776,89.90387269921547,134.9151365715106,105.80639459519824
sarimax_frozen_clip,23,3624,33.167429515039544,51.54630601730068,33.254863718924554,14.385206561250966,46.500651102304666,22.031527675088007
prophet_frozen_no_inputs,23,3624,134.06657802467538,190.39550968808112,130.95436601023985,86.80943787856741,156.9369728297821,102.37836780037581
prophet_frozen_broad,23,3624,15.86872826755605,27.57188003100063,15.559309747733463,7.109851677630179,23.525545153902282,13.492387667339369
prophet_frozen_clip,23,3624,47.67908449265162,62.76136914671403,47.80342910078571,15.578177292789835,59.95603922157726,18.7140835742673
neuralprophet_frozen_no_inputs,23,3624,119.49932056001151,177.02346639634024,117.14106088510601,87.60308420567733,140.1736336765777,104.19015660247399
neuralprophet_frozen_broad,23,3624,22.345233251696197,33.29191063720821,23.38749906832101,9.700464247958807,31.932028573879567,13.357848144235083
neuralprophet_frozen_clip,23,3624,58.28018330211408,75.95129887323807,57.88624198745376,28.061384442454635,69.88550650590186,28.466589586858564
