window,component,hours,mean_signed,mean_absolute
1,trend,168,217.1313022943058,217.1313022943058
1,daily,168,3.767568267947007e-12,19.17517635553063
1,weekly,168,-7.714463988252517e-14,4.032256303366755
1,yearly,168,-23.735462010882326,23.735462010882326
1,no,168,-34.412745720576375,55.70258434544264
1,no2,168,32.17971831900203,49.598471534988654
1,co,168,306.2565790773896,415.660273528998
1,so2,168,-27.83728831115245,37.91432758679815
2,trend,168,217.52464246000213,217.52464246000213
2,daily,168,7.501977874891877e-12,19.17517635554471
2,weekly,168,7.125728578622719e-13,4.032256303367078
2,yearly,168,-20.008641391997735,20.008641391997735
2,no,168,-60.57442129437556,74.9271339053833
2,no2,168,50.250382898657215,65.7385303048629
2,co,168,430.819771644288,509.5787740769582
2,so2,168,-40.77419397699424,49.017617987107734
3,trend,168,217.91798262569847,217.91798262569847
3,daily,168,4.659976108693324e-12,19.175176355526883
3,weekly,168,1.0827317878249145e-14,4.032256303367014
3,yearly,168,-19.77651843332954,19.77651843332954
3,no,168,2.579210459432401,27.293285825819925
3,no2,168,-0.756001869236445,25.132561103280732
3,co,168,23.746931295161055,180.3177806374108
3,so2,168,-10.808125172604152,23.224153276598805
4,trend,168,218.31132279139473,218.31132279139473
4,daily,168,-8.189850913844393e-13,19.175176355532223
4,weekly,168,-2.591789217105889e-13,4.032256303367343
4,yearly,168,-20.500756504477966,20.500756504477966
4,no,168,21.577101987410877,30.46867185642103
4,no2,168,-17.07382362954601,27.087017552955775
4,co,168,-96.71387226886091,177.52322951501114
4,so2,168,6.659174790843689,17.187959157128645
5,trend,168,218.70466295709107,218.70466295709107
5,daily,168,-4.882782009406669e-12,19.175176355535054
5,weekly,168,-1.833876965628449e-13,4.032256303367019
5,yearly,168,-17.81481338103728,17.81481338103728
5,no,168,-24.899590473424702,51.478233733853166
5,no2,168,23.591599418358925,48.98391898675003
5,co,168,187.9910979083236,332.5459657996117
5,so2,168,-28.08021637837694,41.74725784761778
6,trend,168,219.09800312278736,219.09800312278736
6,daily,168,-5.106602971171101e-12,19.175176355526933
6,weekly,168,1.2925110717159917e-13,4.032256303366232
6,yearly,168,-9.779702753574988,9.779702753574988
6,no,168,8.646022405112966,31.29345239409915
6,no2,168,-3.8013880396801443,24.729594240756246
6,co,168,-11.820943485264323,194.67834884095709
6,so2,168,-2.842678639640913,18.889266373391425
7,trend,168,219.4913432884837,219.4913432884837
7,daily,168,2.638312848613991e-12,19.175176355543197
7,weekly,168,-2.524118480366832e-13,4.032256303366665
7,yearly,168,0.468948054197543,2.4137878972451614
7,no,168,-22.892461610088443,41.25659489801111
7,no2,168,39.14089746934677,47.07611363967739
7,co,168,194.1415335934165,264.74194533309543
7,so2,168,-23.50390555446762,31.40596548852513
8,trend,120,219.89592174462848,219.89592174462848
8,daily,120,8.223111080951639e-12,19.175176355515223
8,weekly,120,0.4995455624651009,4.972801115278781
8,yearly,120,7.193168774674395,7.193168774674395
8,no,120,4.687177913569954,26.490204175256476
8,no2,120,17.175761955794027,23.694699758402326
8,co,120,23.56112678698646,133.3739810641398
8,so2,120,-7.145135799163385,15.077522158252252
9,trend,168,220.2780236198763,220.2780236198763
9,daily,168,-6.50840228272067e-12,19.175176355543584
9,weekly,168,2.8083355746708723e-14,4.032256303367151
9,yearly,168,7.871221026809968,7.871221026809968
9,no,168,15.52318730349252,26.57817900711704
9,no2,168,10.507211361108508,27.25385876690949
9,co,168,-28.245515618139695,161.5681967629133
9,so2,168,2.689276693764299,14.999288208973272
10,trend,168,220.67136378557265,220.67136378557265
10,daily,168,-1.1990239489109842e-11,19.17517635553807
10,weekly,168,-4.002724078115231e-13,4.032256303368016
10,yearly,168,6.180623830282082,6.180623830282082
10,no,168,25.148713692951468,29.672030162641413
10,no2,168,-9.5887401332757,25.345809552151806
10,co,168,-113.25169551565102,156.0951618889834
10,so2,168,10.163446643323665,15.618460373149679
11,trend,120,221.042227370372,221.042227370372
11,daily,120,9.620748642191757e-12,19.175176355528517
11,weekly,120,0.33893741634136654,4.716036457950744
11,yearly,120,7.760775984275308,7.760775984275308
11,no,120,31.130685651142283,32.91360634330832
11,no2,120,-24.070298683008268,31.665740577361632
11,co,120,-164.57442853428637,181.95489015027968
11,so2,120,14.583309759272051,16.42728922550564
12,trend,48,221.57042702144994,221.57042702144994
12,daily,48,-6.920390186830143e-12,19.17517635552584
12,weekly,48,2.9053081320037806,3.1474099140964698
12,yearly,48,16.836137510600718,16.836137510600718
12,no,48,28.117310925436637,29.69358158901132
12,no2,48,-20.845054828549227,33.02207007902331
12,co,48,-145.39176790965269,176.02140949461264
12,so2,48,15.372891313520277,17.331582376052413
13,trend,168,221.85138428266154,221.85138428266154
13,daily,168,-4.896146979912633e-12,19.175176355538298
13,weekly,168,1.4346196188680118e-13,4.032256303365891
13,yearly,168,20.3958657583202,20.3958657583202
13,no,168,37.57032144200999,37.57032144200999
13,no2,168,-51.55958123561535,51.55958123561535
13,co,168,-230.7632355930433,230.7632355930433
13,so2,168,23.97656546288245,23.97656546288245
14,trend,144,222.2259939642771,222.2259939642771
14,daily,144,1.1652900866465643e-11,19.175176355521593
14,weekly,144,-1.2713581080417058,3.432940912553096
14,yearly,144,19.054827870030948,19.054827870030948
14,no,144,37.76999404920691,37.76999404920691
14,no2,144,-48.261030998168,48.261030998168
14,co,144,-224.64538602163626,224.64538602163626
14,so2,144,23.91685986293573,23.91685986293573
15,trend,168,222.6380646140542,222.6380646140542
15,daily,168,-4.248368852478009e-12,19.175176355535253
15,weekly,168,-2.3481745648452837e-13,4.03225630336672
15,yearly,168,10.041200736951684,10.041200736951684
15,no,168,37.73267697205384,37.73267697205384
15,no2,168,-50.24390185046158,50.24390185046158
15,co,168,-228.13543994544239,228.13543994544239
15,so2,168,24.15750924440164,24.15750924440164
16,trend,168,223.03140477975052,223.03140477975052
16,daily,168,-9.15263632079933e-12,19.175176355528215
16,weekly,168,-1.9692184391065634e-13,4.032256303366992
16,yearly,168,1.5878662829023642,1.72792392661753
16,no,168,37.593416538653955,37.593416538653955
16,no2,168,-49.3706510766851,49.3706510766851
16,co,168,-229.39108072061563,229.39108072061563
16,so2,168,24.12907608582123,24.12907608582123
17,trend,168,223.42474494544686,223.42474494544686
17,daily,168,6.419076910225115e-12,19.175176355540877
17,weekly,168,-9.203220196511774e-14,4.032256303366915
17,yearly,168,0.02596196344637091,0.6066059860768623
17,no,168,37.83793962357589,37.83793962357589
17,no2,168,-50.26142681977951,50.26142681977951
17,co,168,-226.0053388292416,226.0053388292416
17,so2,168,24.92833822312485,24.92833822312485
18,trend,168,223.81808511114312,223.81808511114312
18,daily,168,-1.4752220609114462e-13,19.175176355536472
18,weekly,168,3.924902730865315e-14,4.032256303367537
18,yearly,168,4.140348350898452,4.140348350898452
18,no,168,37.79086461814383,37.79086461814383
18,no2,168,-53.01177090808774,53.01177090808774
18,co,168,-229.07867885686608,229.07867885686608
18,so2,168,24.760389000037744,24.760389000037744
19,trend,168,224.21142527683946,224.21142527683946
19,daily,168,-5.000359914490781e-12,19.175176355523757
19,weekly,168,3.210976458268262e-13,4.032256303366664
19,yearly,168,6.886821035805678,6.886821035805678
19,no,168,37.79324911188823,37.79324911188823
19,no2,168,-49.72952862820015,49.72952862820015
19,co,168,-216.65261129453947,216.65261129453947
19,so2,168,23.753371217634417,23.753371217634417
20,trend,168,224.60476544253578,224.60476544253578
20,daily,168,1.4880795008918669e-12,19.17517635553215
20,weekly,168,8.458842092382145e-15,4.032256303367332
20,yearly,168,4.204597856962302,4.204597856962302
20,no,168,37.92288158941446,37.92288158941446
20,no2,168,-52.49047993477976,52.49047993477976
20,co,168,-222.00463974244676,222.00463974244676
20,so2,168,23.82221575904827,23.82221575904827
21,trend,168,224.9981056082321,224.9981056082321
21,daily,168,-1.1143678572504239e-12,19.17517635553749
21,weekly,168,-4.1042301832238166e-13,4.0322563033674195
21,yearly,168,0.0036328404692127607,0.6587207719604009
21,no,168,37.76970411076419,37.76970411076419
21,no2,168,-51.25293270450178,51.25293270450178
21,co,168,-228.3268171173207,228.3268171173207
21,so2,168,24.030080297095722,24.030080297095722
22,trend,168,225.3914457739284,225.3914457739284
22,daily,168,-1.018681435501397e-11,19.175176355548473
22,weekly,168,3.9655051729087497e-13,4.032256303367195
22,yearly,168,1.1261628799394114,1.380867121158181
22,no,168,37.82559724400577,37.82559724400577
22,no2,168,-50.7506655465718,50.7506655465718
22,co,168,-226.1416483587571,226.1416483587571
22,so2,168,23.52170752089435,23.52170752089435
23,trend,168,225.7847859396247,225.7847859396247
23,daily,168,-2.979373361778839e-12,19.17517635553168
23,weekly,168,-1.4718385240744933e-13,4.032256303365698
23,yearly,168,8.34588951191301,8.34588951191301
23,no,168,37.57931953161154,37.57931953161154
23,no2,168,-49.46261873365399,49.46261873365399
23,co,168,-226.66949669502034,226.66949669502034
23,so2,168,24.702530547130703,24.702530547130703
