start,end,hours
2021-01-27 01:00:00,2021-01-28 00:00:00,24
2022-01-23 01:00:00,2022-01-24 00:00:00,24
2022-02-20 01:00:00,2022-02-21 00:00:00,24
2022-07-20 01:00:00,2022-07-22 00:00:00,48
2022-12-09 01:00:00,2022-12-11 00:00:00,48
2022-12-25 01:00:00,2022-12-26 00:00:00,24
2023-02-23 01:00:00,2023-02-25 00:00:00,48
2023-03-04 01:00:00,2023-03-05 00:00:00,24
2023-07-19 01:00:00,2023-07-20 00:00:00,24
2023-09-24 01:00:00,2023-09-25 00:00:00,24
2023-09-30 01:00:00,2023-10-02 00:00:00,48
2024-01-09 01:00:00,2024-01-10 00:00:00,24
2024-04-06 01:00:00,2024-04-07 00:00:00,24
2024-06-16 01:00:00,2024-06-17 00:00:00,24
2024-07-22 01:00:00,2024-07-24 00:00:00,48
2024-09-09 01:00:00,2024-09-10 00:00:00,24
2025-03-05 01:00:00,2025-03-07 00:00:00,48
2025-03-26 01:00:00,2025-03-27 00:00:00,24
2025-03-30 01:00:00,2025-04-04 00:00:00,120
2025-04-05 01:00:00,2025-04-06 00:00:00,24
2025-04-19 01:00:00,2025-04-20 00:00:00,24
