run_id,family,regime,variant,seed,window,forecast_origin,target_timestamp,lead_hour,original_target,observed,score_eligible,base_prediction,applied_bias,corrected_prediction,history_target_filled_hours,history_input_filled_cells
core_neuralprophet_walk_w10_s123,neuralprophet,walk,selected,123,10,2025-03-17 01:00:00,2025-03-17 01:00:00,1,31.77,True,True,18.068836212158203,0.0,18.068836212158203,0,0
core_neuralprophet_walk_w10_s123,neuralprophet,walk,selected,123,10,2025-03-17 01:00:00,2025-03-17 02:00:00,2,15.45,True,True,0.13185662031173706,0.0,0.13185662031173706,0,0
core_neuralprophet_walk_w10_s123,neuralprophet,walk,selected,123,10,2025-03-17 01:00:00,2025-03-17 03:00:00,3,8.29,True,True,-43.88516616821289,0.0,-43.88516616821289,0,0
core_neuralprophet_walk_w10_s123,neuralprophet,walk,selected,123,10,2025-03-17 01:00:00,2025-03-17 04:00:00,4,4.12,True,True,-29.920249938964844,0.0,-29.920249938964844,0,0
core_neuralprophet_walk_w10_s123,neuralprophet,walk,selected,123,10,2025-03-17 01:00:00,2025-03-17 05:00:00,5,3.51,True,True,0.336233913898468,0.0,0.336233913898468,0,0
core_neuralprophet_walk_w10_s123,neuralprophet,walk,selected,123,10,2025-03-17 01:00:00,2025-03-17 06:00:00,6,3.35,True,True,-15.253833770751953,0.0,-15.253833770751953,0,0
core_neuralprophet_walk_w10_s123,neuralprophet,walk,selected,123,10,2025-03-17 01:00:00,2025-03-17 07:00:00,7,3.31,True,True,-16.201520919799805,0.0,-16.201520919799805,0,0
core_neuralprophet_walk_w10_s123,neuralprophet,walk,selected,123,10,2025-03-17 01:00:00,2025-03-17 08:00:00,8,3.61,True,True,-34.662906646728516,0.0,-34.662906646728516,0,0
core_neuralprophet_walk_w10_s123,neuralprophet,walk,selected,123,10,2025-03-17 01:00:00,2025-03-17 09:00:00,9,4.11,True,True,-7.898738861083984,0.0,-7.898738861083984,0,0
core_neuralprophet_walk_w10_s123,neuralprophet,walk,selected,123,10,2025-03-17 01:00:00,2025-03-17 10:00:00,10,6.24,True,True,-17.587398529052734,0.0,-17.587398529052734,0,0
core_neuralprophet_walk_w10_s123,neuralprophet,walk,selected,123,10,2025-03-17 01:00:00,2025-03-17 11:00:00,11,11.18,True,True,-0.38082605600357056,0.0,-0.38082605600357056,0,0
core_neuralprophet_walk_w10_s123,neuralprophet,walk,selected,123,10,2025-03-17 01:00:00,2025-03-17 12:00:00,12,16.6,True,True,-14.632204055786133,0.0,-14.632204055786133,0,0
core_neuralprophet_walk_w10_s123,neuralprophet,walk,selected,123,10,2025-03-17 01:00:00,2025-03-17 13:00:00,13,33.88,True,True,28.12846565246582,0.0,28.12846565246582,0,0
core_neuralprophet_walk_w10_s123,neuralprophet,walk,selected,123,10,2025-03-17 01:00:00,2025-03-17 14:00:00,14,61.93,True,True,99.60856628417969,0.0,99.60856628417969,0,0
core_neuralprophet_walk_w10_s123,neuralprophet,walk,selected,123,10,2025-03-17 01:00:00,2025-03-17 15:00:00,15,74.69,True,True,98.5892333984375,0.0,98.5892333984375,0,0
core_neuralprophet_walk_w10_s123,neuralprophet,walk,selected,123,10,2025-03-17 01:00:00,2025-03-17 16:00:00,16,65.45,True,True,79.51966857910156,0.0,79.51966857910156,0,0
core_neuralprophet_walk_w10_s123,neuralprophet,walk,selected,123,10,2025-03-17 01:00:00,2025-03-17 17:00:00,17,54.79,True,True,53.948150634765625,0.0,53.948150634765625,0,0
core_neuralprophet_walk_w10_s123,neuralprophet,walk,selected,123,10,2025-03-17 01:00:00,2025-03-17 18:00:00,18,50.25,True,True,59.8414192199707,0.0,59.8414192199707,0,0
core_neuralprophet_walk_w10_s123,neuralprophet,walk,selected,123,10,2025-03-17 01:00:00,2025-03-17 19:00:00,19,61.72,True,True,87.27508544921875,0.0,87.27508544921875,0,0
core_neuralprophet_walk_w10_s123,neuralprophet,walk,selected,123,10,2025-03-17 01:00:00,2025-03-17 20:00:00,20,88.07,True,True,125.19812774658203,0.0,125.19812774658203,0,0
core_neuralprophet_walk_w10_s123,neuralprophet,walk,selected,123,10,2025-03-17 01:00:00,2025-03-17 21:00:00,21,119.37,True,True,152.62631225585938,0.0,152.62631225585938,0,0
core_neuralprophet_walk_w10_s123,neuralprophet,walk,selected,123,10,2025-03-17 01:00:00,2025-03-17 22:00:00,22,153.66,True,True,184.89959716796875,0.0,184.89959716796875,0,0
core_neuralprophet_walk_w10_s123,neuralprophet,walk,selected,123,10,2025-03-17 01:00:00,2025-03-17 23:00:00,23,240.13,True,True,275.61077880859375,0.0,275.61077880859375,0,0
core_neuralprophet_walk_w10_s123,neuralprophet,walk,selected,123,10,2025-03-17 01:00:00,2025-03-18 00:00:00,24,360.81,True,True,397.2656555175781,0.0,397.2656555175781,0,0
core_neuralprophet_walk_w10_s123,neuralprophet,walk,selected,123,10,2025-03-17 01:00:00,2025-03-18 01:00:00,25,344.22,True,True,381.4909973144531,0.0,381.4909973144531,0,0
core_neuralprophet_walk_w10_s123,neuralprophet,walk,selected,123,10,2025-03-17 01:00:00,2025-03-18 02:00:00,26,369.17,True,True,396.84918212890625,0.0,396.84918212890625,0,0
core_neuralprophet_walk_w10_s123,neuralprophet,walk,selected,123,10,2025-03-17 01:00:00,2025-03-18 03:00:00,27,355.79,True,True,380.2223205566406,0.0,380.2223205566406,0,0
core_neuralprophet_walk_w10_s123,neuralprophet,walk,selected,123,10,2025-03-17 01:00:00,2025-03-18 04:00:00,28,87.33,True,True,136.58624267578125,0.0,136.58624267578125,0,0
core_neuralprophet_walk_w10_s123,neuralprophet,walk,selected,123,10,2025-03-17 01:00:00,2025-03-18 05:00:00,29,35.3,True,True,108.0760269165039,0.0,108.0760269165039,0,0
core_neuralprophet_walk_w10_s123,neuralprophet,walk,selected,123,10,2025-03-17 01:00:00,2025-03-18 06:00:00,30,13.98,True,True,45.19074249267578,0.0,45.19074249267578,0,0
core_neuralprophet_walk_w10_s123,neuralprophet,walk,selected,123,10,2025-03-17 01:00:00,2025-03-18 07:00:00,31,8.81,True,True,60.52349853515625,0.0,60.52349853515625,0,0
core_neuralprophet_walk_w10_s123,neuralprophet,walk,selected,123,10,2025-03-17 01:00:00,2025-03-18 08:00:00,32,8.33,True,True,46.26575469970703,0.0,46.26575469970703,0,0
core_neuralprophet_walk_w10_s123,neuralprophet,walk,selected,123,10,2025-03-17 01:00:00,2025-03-18 09:00:00,33,8.4,True,True,43.909881591796875,0.0,43.909881591796875,0,0
core_neuralprophet_walk_w10_s123,neuralprophet,walk,selected,123,10,2025-03-17 01:00:00,2025-03-18 10:00:00,34,39.59,True,True,122.72510528564453,0.0,122.72510528564453,0,0
core_neuralprophet_walk_w10_s123,neuralprophet,walk,selected,123,10,2025-03-17 01:00:00,2025-03-18 11:00:00,35,111.19,True,True,179.9811553955078,0.0,179.9811553955078,0,0
core_neuralprophet_walk_w10_s123,neuralprophet,walk,selected,123,10,2025-03-17 01:00:00,2025-03-18 12:00:00,36,231.14,True,True,324.9068908691406,0.0,324.9068908691406,0,0
core_neuralprophet_walk_w10_s123,neuralprophet,walk,selected,123,10,2025-03-17 01:00:00,2025-03-18 13:00:00,37,374.95,True,True,475.39154052734375,0.0,475.39154052734375,0,0
core_neuralprophet_walk_w10_s123,neuralprophet,walk,selected,123,10,2025-03-17 01:00:00,2025-03-18 14:00:00,38,457.73,True,True,515.697509765625,0.0,515.697509765625,0,0
core_neuralprophet_walk_w10_s123,neuralprophet,walk,selected,123,10,2025-03-17 01:00:00,2025-03-18 15:00:00,39,433.59,True,True,514.5664672851562,0.0,514.5664672851562,0,0
core_neuralprophet_walk_w10_s123,neuralprophet,walk,selected,123,10,2025-03-17 01:00:00,2025-03-18 16:00:00,40,278.25,True,True,328.2154235839844,0.0,328.2154235839844,0,0
core_neuralprophet_walk_w10_s123,neuralprophet,walk,selected,123,10,2025-03-17 01:00:00,2025-03-18 17:00:00,41,214.72,True,True,273.7306823730469,0.0,273.7306823730469,0,0
core_neuralprophet_walk_w10_s123,neuralprophet,walk,selected,123,10,2025-03-17 01:00:00,2025-03-18 18:00:00,42,187.9,True,True,228.9284210205078,0.0,228.9284210205078,0,0
core_neuralprophet_walk_w10_s123,neuralprophet,walk,selected,123,10,2025-03-17 01:00:00,2025-03-18 19:00:00,43,151.21,True,True,191.7832489013672,0.0,191.7832489013672,0,0
core_neuralprophet_walk_w10_s123,neuralprophet,walk,selected,123,10,2025-03-17 01:00:00,2025-03-18 20:00:00,44,113.15,True,True,152.7200164794922,0.0,152.7200164794922,0,0
core_neuralprophet_walk_w10_s123,neuralprophet,walk,selected,123,10,2025-03-17 01:00:00,2025-03-18 21:00:00,45,91.78,True,True,135.28883361816406,0.0,135.28883361816406,0,0
core_neuralprophet_walk_w10_s123,neuralprophet,walk,selected,123,10,2025-03-17 01:00:00,2025-03-18 22:00:00,46,85.27,True,True,126.44915008544922,0.0,126.44915008544922,0,0
core_neuralprophet_walk_w10_s123,neuralprophet,walk,selected,123,10,2025-03-17 01:00:00,2025-03-18 23:00:00,47,115.74,True,True,148.05413818359375,0.0,148.05413818359375,0,0
core_neuralprophet_walk_w10_s123,neuralprophet,walk,selected,123,10,2025-03-17 01:00:00,2025-03-19 00:00:00,48,158.89,True,True,184.58473205566406,0.0,184.58473205566406,0,0
core_neuralprophet_walk_w10_s123,neuralprophet,walk,selected,123,10,2025-03-17 01:00:00,2025-03-19 01:00:00,49,184.39,True,True,179.71560668945312,0.0,179.71560668945312,0,0
core_neuralprophet_walk_w10_s123,neuralprophet,walk,selected,123,10,2025-03-17 01:00:00,2025-03-19 02:00:00,50,208.95,True,True,216.9549102783203,0.0,216.9549102783203,0,0
core_neuralprophet_walk_w10_s123,neuralprophet,walk,selected,123,10,2025-03-17 01:00:00,2025-03-19 03:00:00,51,218.09,True,True,263.22076416015625,0.0,263.22076416015625,0,0
core_neuralprophet_walk_w10_s123,neuralprophet,walk,selected,123,10,2025-03-17 01:00:00,2025-03-19 04:00:00,52,115.44,True,True,158.471923828125,0.0,158.471923828125,0,0
core_neuralprophet_walk_w10_s123,neuralprophet,walk,selected,123,10,2025-03-17 01:00:00,2025-03-19 05:00:00,53,47.51,True,True,73.4051742553711,0.0,73.4051742553711,0,0
core_neuralprophet_walk_w10_s123,neuralprophet,walk,selected,123,10,2025-03-17 01:00:00,2025-03-19 06:00:00,54,20.3,True,True,4.533084392547607,0.0,4.533084392547607,0,0
core_neuralprophet_walk_w10_s123,neuralprophet,walk,selected,123,10,2025-03-17 01:00:00,2025-03-19 07:00:00,55,12.77,True,True,34.19315719604492,0.0,34.19315719604492,0,0
core_neuralprophet_walk_w10_s123,neuralprophet,walk,selected,123,10,2025-03-17 01:00:00,2025-03-19 08:00:00,56,17.03,True,True,39.675636291503906,0.0,39.675636291503906,0,0
core_neuralprophet_walk_w10_s123,neuralprophet,walk,selected,123,10,2025-03-17 01:00:00,2025-03-19 09:00:00,57,22.13,True,True,60.514854431152344,0.0,60.514854431152344,0,0
core_neuralprophet_walk_w10_s123,neuralprophet,walk,selected,123,10,2025-03-17 01:00:00,2025-03-19 10:00:00,58,37.15,True,True,103.00283813476562,0.0,103.00283813476562,0,0
core_neuralprophet_walk_w10_s123,neuralprophet,walk,selected,123,10,2025-03-17 01:00:00,2025-03-19 11:00:00,59,68.63,True,True,152.61721801757812,0.0,152.61721801757812,0,0
core_neuralprophet_walk_w10_s123,neuralprophet,walk,selected,123,10,2025-03-17 01:00:00,2025-03-19 12:00:00,60,99.64,True,True,182.32723999023438,0.0,182.32723999023438,0,0
core_neuralprophet_walk_w10_s123,neuralprophet,walk,selected,123,10,2025-03-17 01:00:00,2025-03-19 13:00:00,61,123.41,True,True,188.8246612548828,0.0,188.8246612548828,0,0
core_neuralprophet_walk_w10_s123,neuralprophet,walk,selected,123,10,2025-03-17 01:00:00,2025-03-19 14:00:00,62,145.21,True,True,208.0745391845703,0.0,208.0745391845703,0,0
core_neuralprophet_walk_w10_s123,neuralprophet,walk,selected,123,10,2025-03-17 01:00:00,2025-03-19 15:00:00,63,146.28,True,True,205.35122680664062,0.0,205.35122680664062,0,0
core_neuralprophet_walk_w10_s123,neuralprophet,walk,selected,123,10,2025-03-17 01:00:00,2025-03-19 16:00:00,64,115.46,True,True,143.65260314941406,0.0,143.65260314941406,0,0
core_neuralprophet_walk_w10_s123,neuralprophet,walk,selected,123,10,2025-03-17 01:00:00,2025-03-19 17:00:00,65,80.15,True,True,92.433837890625,0.0,92.433837890625,0,0
core_neuralprophet_walk_w10_s123,neuralprophet,walk,selected,123,10,2025-03-17 01:00:00,2025-03-19 18:00:00,66,57.06,True,True,58.342864990234375,0.0,58.342864990234375,0,0
core_neuralprophet_walk_w10_s123,neuralprophet,walk,selected,123,10,2025-03-17 01:00:00,2025-03-19 19:00:00,67,44.98,True,True,52.430450439453125,0.0,52.430450439453125,0,0
core_neuralprophet_walk_w10_s123,neuralprophet,walk,selected,123,10,2025-03-17 01:00:00,2025-03-19 20:00:00,68,42.52,True,True,49.54610061645508,0.0,49.54610061645508,0,0
core_neuralprophet_walk_w10_s123,neuralprophet,walk,selected,123,10,2025-03-17 01:00:00,2025-03-19 21:00:00,69,43.49,True,True,61.97429656982422,0.0,61.97429656982422,0,0
core_neuralprophet_walk_w10_s123,neuralprophet,walk,selected,123,10,2025-03-17 01:00:00,2025-03-19 22:00:00,70,46.51,True,True,52.24911880493164,0.0,52.24911880493164,0,0
core_neuralprophet_walk_w10_s123,neuralprophet,walk,selected,123,10,2025-03-17 01:00:00,2025-03-19 23:00:00,71,69.63,True,True,103.25737762451172,0.0,103.25737762451172,0,0
core_neuralprophet_walk_w10_s123,neuralprophet,walk,selected,123,10,2025-03-17 01:00:00,2025-03-20 00:00:00,72,99.32,True,True,115.93353271484375,0.0,115.93353271484375,0,0
core_neuralprophet_walk_w10_s123,neuralprophet,walk,selected,123,10,2025-03-17 01:00:00,2025-03-20 01:00:00,73,110.67,True,True,177.86526489257812,0.0,177.86526489257812,0,0
core_neuralprophet_walk_w10_s123,neuralprophet,walk,selected,123,10,2025-03-17 01:00:00,2025-03-20 02:00:00,74,96.42,True,True,135.48458862304688,0.0,135.48458862304688,0,0
core_neuralprophet_walk_w10_s123,neuralprophet,walk,selected,123,10,2025-03-17 01:00:00,2025-03-20 03:00:00,75,55.87,True,True,67.90223693847656,0.0,67.90223693847656,0,0
core_neuralprophet_walk_w10_s123,neuralprophet,walk,selected,123,10,2025-03-17 01:00:00,2025-03-20 04:00:00,76,16.8,True,True,40.81562805175781,0.0,40.81562805175781,0,0
core_neuralprophet_walk_w10_s123,neuralprophet,walk,selected,123,10,2025-03-17 01:00:00,2025-03-20 05:00:00,77,12.08,True,True,28.559823989868164,0.0,28.559823989868164,0,0
core_neuralprophet_walk_w10_s123,neuralprophet,walk,selected,123,10,2025-03-17 01:00:00,2025-03-20 06:00:00,78,11.12,True,True,31.635456085205078,0.0,31.635456085205078,0,0
core_neuralprophet_walk_w10_s123,neuralprophet,walk,selected,123,10,2025-03-17 01:00:00,2025-03-20 07:00:00,79,10.16,True,True,43.52556228637695,0.0,43.52556228637695,0,0
core_neuralprophet_walk_w10_s123,neuralprophet,walk,selected,123,10,2025-03-17 01:00:00,2025-03-20 08:00:00,80,10.39,True,True,42.74296951293945,0.0,42.74296951293945,0,0
core_neuralprophet_walk_w10_s123,neuralprophet,walk,selected,123,10,2025-03-17 01:00:00,2025-03-20 09:00:00,81,11.27,True,True,72.93274688720703,0.0,72.93274688720703,0,0
core_neuralprophet_walk_w10_s123,neuralprophet,walk,selected,123,10,2025-03-17 01:00:00,2025-03-20 10:00:00,82,23.62,True,True,92.39350128173828,0.0,92.39350128173828,0,0
core_neuralprophet_walk_w10_s123,neuralprophet,walk,selected,123,10,2025-03-17 01:00:00,2025-03-20 11:00:00,83,55.05,True,True,158.0525665283203,0.0,158.0525665283203,0,0
core_neuralprophet_walk_w10_s123,neuralprophet,walk,selected,123,10,2025-03-17 01:00:00,2025-03-20 12:00:00,84,92.13,True,True,184.64328002929688,0.0,184.64328002929688,0,0
core_neuralprophet_walk_w10_s123,neuralprophet,walk,selected,123,10,2025-03-17 01:00:00,2025-03-20 13:00:00,85,135.18,True,True,244.41726684570312,0.0,244.41726684570312,0,0
core_neuralprophet_walk_w10_s123,neuralprophet,walk,selected,123,10,2025-03-17 01:00:00,2025-03-20 14:00:00,86,178.08,True,True,278.7210388183594,0.0,278.7210388183594,0,0
core_neuralprophet_walk_w10_s123,neuralprophet,walk,selected,123,10,2025-03-17 01:00:00,2025-03-20 15:00:00,87,188.44,True,True,268.9163513183594,0.0,268.9163513183594,0,0
core_neuralprophet_walk_w10_s123,neuralprophet,walk,selected,123,10,2025-03-17 01:00:00,2025-03-20 16:00:00,88,161.08,True,True,249.73977661132812,0.0,249.73977661132812,0,0
core_neuralprophet_walk_w10_s123,neuralprophet,walk,selected,123,10,2025-03-17 01:00:00,2025-03-20 17:00:00,89,134.87,True,True,220.1997528076172,0.0,220.1997528076172,0,0
core_neuralprophet_walk_w10_s123,neuralprophet,walk,selected,123,10,2025-03-17 01:00:00,2025-03-20 18:00:00,90,119.77,True,True,189.29183959960938,0.0,189.29183959960938,0,0
core_neuralprophet_walk_w10_s123,neuralprophet,walk,selected,123,10,2025-03-17 01:00:00,2025-03-20 19:00:00,91,108.81,True,True,166.43067932128906,0.0,166.43067932128906,0,0
core_neuralprophet_walk_w10_s123,neuralprophet,walk,selected,123,10,2025-03-17 01:00:00,2025-03-20 20:00:00,92,104.19,True,True,169.1720733642578,0.0,169.1720733642578,0,0
core_neuralprophet_walk_w10_s123,neuralprophet,walk,selected,123,10,2025-03-17 01:00:00,2025-03-20 21:00:00,93,106.24,True,True,167.2729034423828,0.0,167.2729034423828,0,0
core_neuralprophet_walk_w10_s123,neuralprophet,walk,selected,123,10,2025-03-17 01:00:00,2025-03-20 22:00:00,94,117.33,True,True,148.36122131347656,0.0,148.36122131347656,0,0
core_neuralprophet_walk_w10_s123,neuralprophet,walk,selected,123,10,2025-03-17 01:00:00,2025-03-20 23:00:00,95,182.51,True,True,230.18508911132812,0.0,230.18508911132812,0,0
core_neuralprophet_walk_w10_s123,neuralprophet,walk,selected,123,10,2025-03-17 01:00:00,2025-03-21 00:00:00,96,290.87,True,True,371.29437255859375,0.0,371.29437255859375,0,0
core_neuralprophet_walk_w10_s123,neuralprophet,walk,selected,123,10,2025-03-17 01:00:00,2025-03-21 01:00:00,97,383.88,True,True,505.96923828125,0.0,505.96923828125,0,0
core_neuralprophet_walk_w10_s123,neuralprophet,walk,selected,123,10,2025-03-17 01:00:00,2025-03-21 02:00:00,98,350.81,True,True,447.4817810058594,0.0,447.4817810058594,0,0
core_neuralprophet_walk_w10_s123,neuralprophet,walk,selected,123,10,2025-03-17 01:00:00,2025-03-21 03:00:00,99,194.99,True,True,291.6872863769531,0.0,291.6872863769531,0,0
core_neuralprophet_walk_w10_s123,neuralprophet,walk,selected,123,10,2025-03-17 01:00:00,2025-03-21 04:00:00,100,16.08,True,True,27.906272888183594,0.0,27.906272888183594,0,0
core_neuralprophet_walk_w10_s123,neuralprophet,walk,selected,123,10,2025-03-17 01:00:00,2025-03-21 05:00:00,101,10.66,True,True,29.62714958190918,0.0,29.62714958190918,0,0
core_neuralprophet_walk_w10_s123,neuralprophet,walk,selected,123,10,2025-03-17 01:00:00,2025-03-21 06:00:00,102,10.46,True,True,21.267520904541016,0.0,21.267520904541016,0,0
core_neuralprophet_walk_w10_s123,neuralprophet,walk,selected,123,10,2025-03-17 01:00:00,2025-03-21 07:00:00,103,10.8,True,True,30.855140686035156,0.0,30.855140686035156,0,0
core_neuralprophet_walk_w10_s123,neuralprophet,walk,selected,123,10,2025-03-17 01:00:00,2025-03-21 08:00:00,104,11.66,True,True,42.05859375,0.0,42.05859375,0,0
core_neuralprophet_walk_w10_s123,neuralprophet,walk,selected,123,10,2025-03-17 01:00:00,2025-03-21 09:00:00,105,12.27,True,True,-3.1637136936187744,0.0,-3.1637136936187744,0,0
core_neuralprophet_walk_w10_s123,neuralprophet,walk,selected,123,10,2025-03-17 01:00:00,2025-03-21 10:00:00,106,14.8,True,True,34.04252624511719,0.0,34.04252624511719,0,0
core_neuralprophet_walk_w10_s123,neuralprophet,walk,selected,123,10,2025-03-17 01:00:00,2025-03-21 11:00:00,107,20.49,True,True,39.478668212890625,0.0,39.478668212890625,0,0
core_neuralprophet_walk_w10_s123,neuralprophet,walk,selected,123,10,2025-03-17 01:00:00,2025-03-21 12:00:00,108,26.74,True,True,68.34257507324219,0.0,68.34257507324219,0,0
core_neuralprophet_walk_w10_s123,neuralprophet,walk,selected,123,10,2025-03-17 01:00:00,2025-03-21 13:00:00,109,55.02,True,True,74.79164123535156,0.0,74.79164123535156,0,0
core_neuralprophet_walk_w10_s123,neuralprophet,walk,selected,123,10,2025-03-17 01:00:00,2025-03-21 14:00:00,110,100.48,True,True,166.79925537109375,0.0,166.79925537109375,0,0
core_neuralprophet_walk_w10_s123,neuralprophet,walk,selected,123,10,2025-03-17 01:00:00,2025-03-21 15:00:00,111,123.63,True,True,188.87132263183594,0.0,188.87132263183594,0,0
core_neuralprophet_walk_w10_s123,neuralprophet,walk,selected,123,10,2025-03-17 01:00:00,2025-03-21 16:00:00,112,110.11,True,True,142.43777465820312,0.0,142.43777465820312,0,0
core_neuralprophet_walk_w10_s123,neuralprophet,walk,selected,123,10,2025-03-17 01:00:00,2025-03-21 17:00:00,113,76.11,True,True,76.47159576416016,0.0,76.47159576416016,0,0
core_neuralprophet_walk_w10_s123,neuralprophet,walk,selected,123,10,2025-03-17 01:00:00,2025-03-21 18:00:00,114,50.2,True,True,27.007923126220703,0.0,27.007923126220703,0,0
core_neuralprophet_walk_w10_s123,neuralprophet,walk,selected,123,10,2025-03-17 01:00:00,2025-03-21 19:00:00,115,35.2,True,True,12.253181457519531,0.0,12.253181457519531,0,0
core_neuralprophet_walk_w10_s123,neuralprophet,walk,selected,123,10,2025-03-17 01:00:00,2025-03-21 20:00:00,116,32.61,True,True,53.580238342285156,0.0,53.580238342285156,0,0
core_neuralprophet_walk_w10_s123,neuralprophet,walk,selected,123,10,2025-03-17 01:00:00,2025-03-21 21:00:00,117,33.94,True,True,39.60372543334961,0.0,39.60372543334961,0,0
core_neuralprophet_walk_w10_s123,neuralprophet,walk,selected,123,10,2025-03-17 01:00:00,2025-03-21 22:00:00,118,37.62,True,True,27.023778915405273,0.0,27.023778915405273,0,0
core_neuralprophet_walk_w10_s123,neuralprophet,walk,selected,123,10,2025-03-17 01:00:00,2025-03-21 23:00:00,119,50.38,True,True,74.1151123046875,0.0,74.1151123046875,0,0
core_neuralprophet_walk_w10_s123,neuralprophet,walk,selected,123,10,2025-03-17 01:00:00,2025-03-22 00:00:00,120,57.67,True,True,88.22627258300781,0.0,88.22627258300781,0,0
core_neuralprophet_walk_w10_s123,neuralprophet,walk,selected,123,10,2025-03-17 01:00:00,2025-03-22 01:00:00,121,54.64,True,True,62.77266311645508,0.0,62.77266311645508,0,0
core_neuralprophet_walk_w10_s123,neuralprophet,walk,selected,123,10,2025-03-17 01:00:00,2025-03-22 02:00:00,122,49.73,True,True,49.60598373413086,0.0,49.60598373413086,0,0
core_neuralprophet_walk_w10_s123,neuralprophet,walk,selected,123,10,2025-03-17 01:00:00,2025-03-22 03:00:00,123,40.46,True,True,23.086654663085938,0.0,23.086654663085938,0,0
core_neuralprophet_walk_w10_s123,neuralprophet,walk,selected,123,10,2025-03-17 01:00:00,2025-03-22 04:00:00,124,29.47,True,True,10.580611228942871,0.0,10.580611228942871,0,0
core_neuralprophet_walk_w10_s123,neuralprophet,walk,selected,123,10,2025-03-17 01:00:00,2025-03-22 05:00:00,125,27.4,True,True,57.32293701171875,0.0,57.32293701171875,0,0
core_neuralprophet_walk_w10_s123,neuralprophet,walk,selected,123,10,2025-03-17 01:00:00,2025-03-22 06:00:00,126,26.35,True,True,43.48524856567383,0.0,43.48524856567383,0,0
core_neuralprophet_walk_w10_s123,neuralprophet,walk,selected,123,10,2025-03-17 01:00:00,2025-03-22 07:00:00,127,25.59,True,True,73.49482727050781,0.0,73.49482727050781,0,0
core_neuralprophet_walk_w10_s123,neuralprophet,walk,selected,123,10,2025-03-17 01:00:00,2025-03-22 08:00:00,128,24.99,True,True,55.63588333129883,0.0,55.63588333129883,0,0
core_neuralprophet_walk_w10_s123,neuralprophet,walk,selected,123,10,2025-03-17 01:00:00,2025-03-22 09:00:00,129,23.85,True,True,38.085792541503906,0.0,38.085792541503906,0,0
core_neuralprophet_walk_w10_s123,neuralprophet,walk,selected,123,10,2025-03-17 01:00:00,2025-03-22 10:00:00,130,25.71,True,True,70.87210083007812,0.0,70.87210083007812,0,0
core_neuralprophet_walk_w10_s123,neuralprophet,walk,selected,123,10,2025-03-17 01:00:00,2025-03-22 11:00:00,131,33.44,True,True,93.86247253417969,0.0,93.86247253417969,0,0
core_neuralprophet_walk_w10_s123,neuralprophet,walk,selected,123,10,2025-03-17 01:00:00,2025-03-22 12:00:00,132,41.52,True,True,97.29764556884766,0.0,97.29764556884766,0,0
core_neuralprophet_walk_w10_s123,neuralprophet,walk,selected,123,10,2025-03-17 01:00:00,2025-03-22 13:00:00,133,43.21,True,True,124.88948822021484,0.0,124.88948822021484,0,0
core_neuralprophet_walk_w10_s123,neuralprophet,walk,selected,123,10,2025-03-17 01:00:00,2025-03-22 14:00:00,134,37.36,True,True,78.79611206054688,0.0,78.79611206054688,0,0
core_neuralprophet_walk_w10_s123,neuralprophet,walk,selected,123,10,2025-03-17 01:00:00,2025-03-22 15:00:00,135,27.27,True,True,51.905052185058594,0.0,51.905052185058594,0,0
core_neuralprophet_walk_w10_s123,neuralprophet,walk,selected,123,10,2025-03-17 01:00:00,2025-03-22 16:00:00,136,19.07,True,True,26.073055267333984,0.0,26.073055267333984,0,0
core_neuralprophet_walk_w10_s123,neuralprophet,walk,selected,123,10,2025-03-17 01:00:00,2025-03-22 17:00:00,137,18.65,True,True,-6.8579816818237305,0.0,-6.8579816818237305,0,0
core_neuralprophet_walk_w10_s123,neuralprophet,walk,selected,123,10,2025-03-17 01:00:00,2025-03-22 18:00:00,138,19.15,True,True,-7.2559404373168945,0.0,-7.2559404373168945,0,0
core_neuralprophet_walk_w10_s123,neuralprophet,walk,selected,123,10,2025-03-17 01:00:00,2025-03-22 19:00:00,139,20.44,True,True,22.597692489624023,0.0,22.597692489624023,0,0
core_neuralprophet_walk_w10_s123,neuralprophet,walk,selected,123,10,2025-03-17 01:00:00,2025-03-22 20:00:00,140,23.09,True,True,20.014732360839844,0.0,20.014732360839844,0,0
core_neuralprophet_walk_w10_s123,neuralprophet,walk,selected,123,10,2025-03-17 01:00:00,2025-03-22 21:00:00,141,25.95,True,True,25.240406036376953,0.0,25.240406036376953,0,0
core_neuralprophet_walk_w10_s123,neuralprophet,walk,selected,123,10,2025-03-17 01:00:00,2025-03-22 22:00:00,142,30.06,True,True,54.98861312866211,0.0,54.98861312866211,0,0
core_neuralprophet_walk_w10_s123,neuralprophet,walk,selected,123,10,2025-03-17 01:00:00,2025-03-22 23:00:00,143,43.62,True,True,96.83715057373047,0.0,96.83715057373047,0,0
core_neuralprophet_walk_w10_s123,neuralprophet,walk,selected,123,10,2025-03-17 01:00:00,2025-03-23 00:00:00,144,66.71,True,True,146.42233276367188,0.0,146.42233276367188,0,0
core_neuralprophet_walk_w10_s123,neuralprophet,walk,selected,123,10,2025-03-17 01:00:00,2025-03-23 01:00:00,145,88.97,True,True,142.3363494873047,0.0,142.3363494873047,0,0
core_neuralprophet_walk_w10_s123,neuralprophet,walk,selected,123,10,2025-03-17 01:00:00,2025-03-23 02:00:00,146,106.82,True,True,172.59637451171875,0.0,172.59637451171875,0,0
core_neuralprophet_walk_w10_s123,neuralprophet,walk,selected,123,10,2025-03-17 01:00:00,2025-03-23 03:00:00,147,113.84,True,True,194.91311645507812,0.0,194.91311645507812,0,0
core_neuralprophet_walk_w10_s123,neuralprophet,walk,selected,123,10,2025-03-17 01:00:00,2025-03-23 04:00:00,148,75.39,True,True,97.06082153320312,0.0,97.06082153320312,0,0
core_neuralprophet_walk_w10_s123,neuralprophet,walk,selected,123,10,2025-03-17 01:00:00,2025-03-23 05:00:00,149,72.53,True,True,78.7245101928711,0.0,78.7245101928711,0,0
core_neuralprophet_walk_w10_s123,neuralprophet,walk,selected,123,10,2025-03-17 01:00:00,2025-03-23 06:00:00,150,71.86,True,True,57.63022994995117,0.0,57.63022994995117,0,0
core_neuralprophet_walk_w10_s123,neuralprophet,walk,selected,123,10,2025-03-17 01:00:00,2025-03-23 07:00:00,151,72.02,True,True,73.29899597167969,0.0,73.29899597167969,0,0
core_neuralprophet_walk_w10_s123,neuralprophet,walk,selected,123,10,2025-03-17 01:00:00,2025-03-23 08:00:00,152,72.96,True,True,74.21754455566406,0.0,74.21754455566406,0,0
core_neuralprophet_walk_w10_s123,neuralprophet,walk,selected,123,10,2025-03-17 01:00:00,2025-03-23 09:00:00,153,69.95,True,True,106.63924407958984,0.0,106.63924407958984,0,0
core_neuralprophet_walk_w10_s123,neuralprophet,walk,selected,123,10,2025-03-17 01:00:00,2025-03-23 10:00:00,154,82.91,True,True,120.14379119873047,0.0,120.14379119873047,0,0
core_neuralprophet_walk_w10_s123,neuralprophet,walk,selected,123,10,2025-03-17 01:00:00,2025-03-23 11:00:00,155,133.93,True,True,180.7175750732422,0.0,180.7175750732422,0,0
core_neuralprophet_walk_w10_s123,neuralprophet,walk,selected,123,10,2025-03-17 01:00:00,2025-03-23 12:00:00,156,197.12,True,True,243.55697631835938,0.0,243.55697631835938,0,0
core_neuralprophet_walk_w10_s123,neuralprophet,walk,selected,123,10,2025-03-17 01:00:00,2025-03-23 13:00:00,157,246.71,True,True,283.2283020019531,0.0,283.2283020019531,0,0
core_neuralprophet_walk_w10_s123,neuralprophet,walk,selected,123,10,2025-03-17 01:00:00,2025-03-23 14:00:00,158,281.62,True,True,293.7604675292969,0.0,293.7604675292969,0,0
core_neuralprophet_walk_w10_s123,neuralprophet,walk,selected,123,10,2025-03-17 01:00:00,2025-03-23 15:00:00,159,281.44,True,True,258.6657409667969,0.0,258.6657409667969,0,0
core_neuralprophet_walk_w10_s123,neuralprophet,walk,selected,123,10,2025-03-17 01:00:00,2025-03-23 16:00:00,160,233.89,True,True,215.2938232421875,0.0,215.2938232421875,0,0
core_neuralprophet_walk_w10_s123,neuralprophet,walk,selected,123,10,2025-03-17 01:00:00,2025-03-23 17:00:00,161,185.95,True,True,114.22454833984375,0.0,114.22454833984375,0,0
core_neuralprophet_walk_w10_s123,neuralprophet,walk,selected,123,10,2025-03-17 01:00:00,2025-03-23 18:00:00,162,160.92,True,True,72.76815795898438,0.0,72.76815795898438,0,0
core_neuralprophet_walk_w10_s123,neuralprophet,walk,selected,123,10,2025-03-17 01:00:00,2025-03-23 19:00:00,163,149.14,True,True,-8.364803314208984,0.0,-8.364803314208984,0,0
core_neuralprophet_walk_w10_s123,neuralprophet,walk,selected,123,10,2025-03-17 01:00:00,2025-03-23 20:00:00,164,128.14,True,True,-12.751419067382812,0.0,-12.751419067382812,0,0
core_neuralprophet_walk_w10_s123,neuralprophet,walk,selected,123,10,2025-03-17 01:00:00,2025-03-23 21:00:00,165,104.76,True,True,-23.64934730529785,0.0,-23.64934730529785,0,0
core_neuralprophet_walk_w10_s123,neuralprophet,walk,selected,123,10,2025-03-17 01:00:00,2025-03-23 22:00:00,166,63.46,True,True,-19.52448081970215,0.0,-19.52448081970215,0,0
core_neuralprophet_walk_w10_s123,neuralprophet,walk,selected,123,10,2025-03-17 01:00:00,2025-03-23 23:00:00,167,28.11,True,True,-24.160070419311523,0.0,-24.160070419311523,0,0
core_neuralprophet_walk_w10_s123,neuralprophet,walk,selected,123,10,2025-03-17 01:00:00,2025-03-24 00:00:00,168,14.75,True,True,-17.846050262451172,0.0,-17.846050262451172,0,0
