train_loss,reg_loss,MAE,RMSE,Loss,RegLoss,epoch
1.1453332901000977,0.0,1178.7125244140625,1508.19189453125,1.1449322700500488,0.0,0
0.6039589047431946,0.0,665.376953125,860.3627319335938,0.6037987470626831,0.0,1
0.3829249441623688,0.0,453.5042724609375,589.9415893554688,0.382844477891922,0.0,2
0.2456192672252655,0.0,319.50091552734375,417.8709411621094,0.2455441951751709,0.0,3
0.15016302466392517,0.0,223.7747344970703,298.6513671875,0.1501425802707672,0.0,4
0.09015785902738571,0.0,160.36953735351562,219.5149383544922,0.0901348888874054,0.0,5
0.060745421797037125,0.0,127.3575668334961,169.96078491210938,0.060731660574674606,0.0,6
0.04842635616660118,0.0,111.82403564453125,149.30755615234375,0.0484217144548893,0.0,7
0.04105517640709877,0.0,101.3797378540039,136.27816772460938,0.04104636237025261,0.0,8
0.03429436683654785,0.0,91.19397735595703,123.67707061767578,0.03429392725229263,0.0,9
0.029203906655311584,0.0,83.16600036621094,113.43848419189453,0.02920050360262394,0.0,10
0.02454497665166855,0.0,75.38531494140625,103.36160278320312,0.024544652551412582,0.0,11
0.0195723008364439,0.0,66.93314361572266,91.75885772705078,0.01957055553793907,0.0,12
0.01702609658241272,0.0,62.111873626708984,85.3552474975586,0.01702403649687767,0.0,13
0.01495635136961937,0.0,57.84563446044922,79.80835723876953,0.014951753430068493,0.0,14
0.013384339399635792,0.0,54.4279670715332,75.40457153320312,0.013384819962084293,0.0,15
0.012241455726325512,0.0,51.84697723388672,72.02110290527344,0.01224041823297739,0.0,16
0.011383426375687122,0.0,49.85426712036133,69.3366470336914,0.01138236839324236,0.0,17
0.010375922545790672,0.0,47.34283447265625,66.20091247558594,0.010374560952186584,0.0,18
0.009721784852445126,0.0,45.67893981933594,64.06768798828125,0.009722311981022358,0.0,19
0.009509483352303505,0.0,45.1522331237793,63.3253173828125,0.009510589763522148,0.0,20
0.009360402822494507,0.0,44.801612854003906,62.82049560546875,0.009361283853650093,0.0,21
0.009240624494850636,0.0,44.47270584106445,62.39077377319336,0.009239674545824528,0.0,22
0.009176990948617458,0.0,44.30910110473633,62.16227340698242,0.009176976047456264,0.0,23
0.009118666872382164,0.0,44.15875244140625,61.96968460083008,0.0091179758310318,0.0,24
0.009072883985936642,0.0,44.02069854736328,61.80159378051758,0.009073414839804173,0.0,25
0.009034127928316593,0.0,43.92807388305664,61.66527557373047,0.009034674614667892,0.0,26
0.008990691974759102,0.0,43.78424072265625,61.51279067993164,0.008991431444883347,0.0,27
0.008973187766969204,0.0,43.731021881103516,61.45701217651367,0.0089727146551013,0.0,28
0.008953176438808441,0.0,43.68659973144531,61.389007568359375,0.008953835815191269,0.0,29
0.008957921527326107,0.0,43.71121597290039,61.41800308227539,0.008958227001130581,0.0,30
0.008952399715781212,0.0,43.68970489501953,61.38227081298828,0.008952325209975243,0.0,31
0.008944777771830559,0.0,43.667972564697266,61.36474609375,0.008946209214627743,0.0,32
0.008943364024162292,0.0,43.67216491699219,61.34023666381836,0.008941926062107086,0.0,33
0.00893313903361559,0.0,43.640098571777344,61.303001403808594,0.008931988850235939,0.0,34
0.008930247277021408,0.0,43.63422775268555,61.3058967590332,0.008929740637540817,0.0,35
0.008927484974265099,0.0,43.62405014038086,61.280052185058594,0.00892636924982071,0.0,36
0.008913405239582062,0.0,43.57959747314453,61.24983215332031,0.008912942372262478,0.0,37
0.008905274793505669,0.0,43.53329086303711,61.20947265625,0.008904564194381237,0.0,38
0.0089022908359766,0.0,43.57073974609375,61.2071647644043,0.008902453817427158,0.0,39
0.008892332203686237,0.0,43.50579071044922,61.175201416015625,0.008890925906598568,0.0,40
0.008880292065441608,0.0,43.45804214477539,61.1346435546875,0.008880356326699257,0.0,41
0.008875601924955845,0.0,43.46604919433594,61.12443923950195,0.008874675258994102,0.0,42
0.008866354823112488,0.0,43.454776763916016,61.08029556274414,0.00886708777397871,0.0,43
0.008861514739692211,0.0,43.423274993896484,61.066856384277344,0.008862858638167381,0.0,44
0.008854552172124386,0.0,43.387596130371094,61.04302215576172,0.008856697008013725,0.0,45
0.008851182647049427,0.0,43.38429641723633,61.039920806884766,0.008854071609675884,0.0,46
0.008846424520015717,0.0,43.387569427490234,61.01045608520508,0.008845808915793896,0.0,47
0.008844629861414433,0.0,43.365413665771484,61.01012420654297,0.008844928815960884,0.0,48
0.00884061586111784,0.0,43.34514617919922,61.017372131347656,0.008843271993100643,0.0,49
