family,regime,variant,seed,recovered_windows,windows,hours,pooled_mae,pooled_rmse,mean_weekly_mae,weekly_mae_sd,mean_weekly_rmse,weekly_rmse_sd
neuralprophet,frozen,broad,42,0,16,2688,20.86816238184016,28.780764022981092,20.868162381840158,5.879963145576742,27.177300286339754,9.783072558531009
neuralprophet,frozen,clip,42,0,16,2688,60.012240309190624,78.66221145738524,60.01224030919063,32.11954331499614,72.09177640982658,32.50467511714928
neuralprophet,frozen,no_inputs,42,0,16,2688,127.4623546561377,192.971239962179,127.4623546561377,102.99569698154288,152.7314897925998,121.81293408402404
neuralprophet,frozen,selected,42,0,16,2688,38.442518847214416,54.15701739711673,38.442518847214416,18.560053834249175,48.93461771890685,23.96410030705212
neuralprophet,frozen,selected,123,0,16,2688,40.701115440093865,55.78738445531098,40.701115440093865,17.572055285929085,51.358197770327166,22.499014168592907
neuralprophet,frozen,selected,2026,0,16,2688,34.45632607634933,47.35753017416474,34.45632607634933,13.556377583623604,43.77815943666371,18.65356932521606
neuralprophet,walk,selected,42,0,16,2688,34.22459790543077,48.929428888207106,34.22459790543076,14.61298604793682,44.29830070795202,21.460029592125547
neuralprophet,walk,selected,123,0,16,2688,36.03932615955671,50.4888053551538,36.03932615955671,13.966783730294722,46.460927368898794,20.4091925487843
neuralprophet,walk,selected,2026,0,16,2688,34.25012588432547,47.30039071742457,34.25012588432547,13.693925945008433,43.61379690384345,18.907880026453014
prophet,frozen,broad,42,0,16,2688,19.923079880212548,26.64818587792932,19.923079880212548,6.171177756680451,25.488138872184198,8.031975260049844
prophet,frozen,clip,42,0,16,2688,48.27971362597283,64.63230025783929,48.27971362597282,17.691604723690944,61.242370318565165,21.334324503221737
prophet,frozen,no_inputs,42,0,16,2688,146.8411072648334,208.31707070613322,146.84110726483337,99.16226063039174,174.7574834748102,117.1020018827372
prophet,frozen,selected,42,0,16,2688,36.96339219549528,49.28105634713894,36.96339219549528,12.948512004677657,46.53197544284467,16.761790710267505
prophet,walk,selected,42,0,16,2688,35.49758517889255,48.59411513350711,35.49758517889255,12.453393725525816,45.62182628376094,17.28311676036503
sarimax,frozen,broad,42,0,16,2688,17.572707526574476,24.426489246465486,17.572707526574476,5.517022029576076,22.89674295849143,8.787417598693688
sarimax,frozen,clip,42,16,16,2688,32.65483321427027,52.16817378619017,32.65483321427027,16.128049537041814,46.12345307011995,25.17449361184625
sarimax,frozen,no_inputs,42,0,16,2688,124.38052158423298,189.30009177851568,124.38052158423298,103.07568452056748,148.47816674437962,121.27658195527628
sarimax,frozen,selected,42,0,16,2688,29.914284495241034,47.54149051270851,29.91428449524103,17.300944891063082,40.73308364715133,25.319488499607075
sarimax,walk,selected,42,5,16,2688,29.87762657265546,47.505588817389466,29.877626572655462,17.295167983430645,40.6797861955275,25.33900211606446
