run_id,stage,family,regime,variant,status,signature_match,complete_forecasts,stream_error,scored_hours,mean_weekly_mae,pooled_rmse,error
ablate_neuralprophet_broad,ablate,neuralprophet,frozen,broad,completed,True,True,,2688,20.86816238184016,28.780764022981092,
ablate_neuralprophet_clip,ablate,neuralprophet,frozen,clip,completed,True,True,,2688,60.01224030919063,78.66221145738524,
ablate_neuralprophet_no_inputs,ablate,neuralprophet,frozen,no_inputs,completed,True,True,,2688,127.4623546561377,192.971239962179,
ablate_prophet_broad,ablate,prophet,frozen,broad,completed,True,True,,2688,19.923079880212548,26.64818587792932,
ablate_prophet_clip,ablate,prophet,frozen,clip,completed,True,True,,2688,48.27971362597282,64.63230025783928,
ablate_prophet_no_inputs,ablate,prophet,frozen,no_inputs,completed,True,True,,2688,146.84110726483337,208.31707070613322,
ablate_sarimax_broad,ablate,sarimax,frozen,broad,completed,True,True,,2688,17.572707526574476,24.426489246465486,
ablate_sarimax_clip,ablate,sarimax,frozen,clip,failed,True,False,No complete forecast file,0,,,RuntimeError: SARIMAX did not converge under bounded optimizer policy
ablate_sarimax_no_inputs,ablate,sarimax,frozen,no_inputs,completed,True,True,,2688,124.38052158423298,189.30009177851568,
core_neuralprophet_frozen_s123,core,neuralprophet,frozen,selected,completed,True,True,,2688,40.701115440093865,55.78738445531098,
core_neuralprophet_frozen_s2026,core,neuralprophet,frozen,selected,completed,True,True,,2688,34.456326076349335,47.35753017416474,
core_neuralprophet_frozen_s42,core,neuralprophet,frozen,selected,completed,True,True,,2688,38.442518847214416,54.15701739711673,
core_neuralprophet_walk_w01_s123,core,neuralprophet,walk,selected,completed,True,True,,168,26.249429952984762,31.5167870805072,
core_neuralprophet_walk_w01_s2026,core,neuralprophet,walk,selected,completed,True,True,,168,27.284031331184366,35.734363424142316,
core_neuralprophet_walk_w01_s42,core,neuralprophet,walk,selected,completed,True,True,,168,18.097971373228802,21.20417732533483,
core_neuralprophet_walk_w02_s123,core,neuralprophet,walk,selected,completed,True,True,,168,33.26440769821405,41.07018226123634,
core_neuralprophet_walk_w02_s2026,core,neuralprophet,walk,selected,completed,True,True,,168,36.524425811256684,44.636890363315,
core_neuralprophet_walk_w02_s42,core,neuralprophet,walk,selected,completed,True,True,,168,25.631186591358407,32.95668364986603,
core_neuralprophet_walk_w03_s123,core,neuralprophet,walk,selected,completed,True,True,,168,28.682636274993417,35.855384220767604,
core_neuralprophet_walk_w03_s2026,core,neuralprophet,walk,selected,completed,True,True,,168,27.15467964449809,34.40557219984237,
core_neuralprophet_walk_w03_s42,core,neuralprophet,walk,selected,completed,True,True,,168,24.18637782873852,32.257871184642646,
core_neuralprophet_walk_w04_s123,core,neuralprophet,walk,selected,completed,True,True,,168,13.830061914395717,17.46669838829205,
core_neuralprophet_walk_w04_s2026,core,neuralprophet,walk,selected,completed,True,True,,168,14.568611228764055,18.646958243851394,
core_neuralprophet_walk_w04_s42,core,neuralprophet,walk,selected,completed,True,True,,168,12.151576307430153,15.01445947364196,
core_neuralprophet_walk_w05_s123,core,neuralprophet,walk,selected,completed,True,True,,168,32.28788387613637,47.13366735569273,
core_neuralprophet_walk_w05_s2026,core,neuralprophet,walk,selected,completed,True,True,,168,34.54915036983433,48.913358032272,
core_neuralprophet_walk_w05_s42,core,neuralprophet,walk,selected,completed,True,True,,168,28.89012267030421,44.47753227272867,
core_neuralprophet_walk_w06_s123,core,neuralprophet,walk,selected,completed,True,True,,168,26.878553191863354,34.763730406624624,
core_neuralprophet_walk_w06_s2026,core,neuralprophet,walk,selected,completed,True,True,,168,25.96241263253348,32.79478841081824,
core_neuralprophet_walk_w06_s42,core,neuralprophet,walk,selected,completed,True,True,,168,27.41266280855451,32.85483404847517,
core_neuralprophet_walk_w07_s123,core,neuralprophet,walk,selected,completed,True,True,,168,55.994485331944055,86.45680810778656,
core_neuralprophet_walk_w07_s2026,core,neuralprophet,walk,selected,completed,True,True,,168,60.155551543377705,91.57924380601204,
core_neuralprophet_walk_w07_s42,core,neuralprophet,walk,selected,completed,True,True,,168,53.54109389214289,85.15697316246704,
core_neuralprophet_walk_w10_s123,core,neuralprophet,walk,selected,completed,True,True,,168,37.165961055230525,46.83496300356121,
core_neuralprophet_walk_w10_s2026,core,neuralprophet,walk,selected,completed,True,True,,168,48.55236971548625,56.55352296829118,
core_neuralprophet_walk_w10_s42,core,neuralprophet,walk,selected,completed,True,True,,168,39.58935143731889,48.19105632739188,
core_neuralprophet_walk_w16_s123,core,neuralprophet,walk,selected,completed,True,True,,168,31.497906673976352,35.95849311623447,
core_neuralprophet_walk_w16_s2026,core,neuralprophet,walk,selected,completed,True,True,,168,26.947754535220913,35.04317814788395,
core_neuralprophet_walk_w16_s42,core,neuralprophet,walk,selected,completed,True,True,,168,30.807188772374676,34.4828377543211,
core_neuralprophet_walk_w17_s123,core,neuralprophet,walk,selected,completed,True,True,,168,42.791403874981974,55.76478975726766,
core_neuralprophet_walk_w17_s2026,core,neuralprophet,walk,selected,completed,True,True,,168,34.68611714953468,45.8238411223738,
core_neuralprophet_walk_w17_s42,core,neuralprophet,walk,selected,completed,True,True,,168,42.00399644755182,56.37347830109299,
core_neuralprophet_walk_w18_s123,core,neuralprophet,walk,selected,completed,True,True,,168,53.87603364219978,68.6524221191734,
core_neuralprophet_walk_w18_s2026,core,neuralprophet,walk,selected,completed,True,True,,168,40.037987832568945,48.51120674558864,
core_neuralprophet_walk_w18_s42,core,neuralprophet,walk,selected,completed,True,True,,168,53.74331675007939,68.92625365357382,
core_neuralprophet_walk_w19_s123,core,neuralprophet,walk,selected,completed,True,True,,168,65.07851375820383,88.08025302693892,
core_neuralprophet_walk_w19_s2026,core,neuralprophet,walk,selected,completed,True,True,,168,63.87551406951178,76.69292949822017,
core_neuralprophet_walk_w19_s42,core,neuralprophet,walk,selected,completed,True,True,,168,64.14878755118166,87.4481702901153,
core_neuralprophet_walk_w20_s123,core,neuralprophet,walk,selected,completed,True,True,,168,46.34026201089223,52.19357622977888,
core_neuralprophet_walk_w20_s2026,core,neuralprophet,walk,selected,completed,True,True,,168,16.393557915460498,20.546889261030355,
core_neuralprophet_walk_w20_s42,core,neuralprophet,walk,selected,completed,True,True,,168,45.50711444321133,50.18559794018525,
core_neuralprophet_walk_w21_s123,core,neuralprophet,walk,selected,completed,True,True,,168,38.89677586857762,48.477642693163375,
core_neuralprophet_walk_w21_s2026,core,neuralprophet,walk,selected,completed,True,True,,168,33.73223830540975,40.46543645493443,
core_neuralprophet_walk_w21_s42,core,neuralprophet,walk,selected,completed,True,True,,168,37.6647706410147,46.39247934817735,
core_neuralprophet_walk_w22_s123,core,neuralprophet,walk,selected,completed,True,True,,168,26.127303311086838,31.869190674310957,
core_neuralprophet_walk_w22_s2026,core,neuralprophet,walk,selected,completed,True,True,,168,32.885879383995416,38.448880309925926,
core_neuralprophet_walk_w22_s42,core,neuralprophet,walk,selected,completed,True,True,,168,25.506475326220198,30.863424296658213,
core_neuralprophet_walk_w23_s123,core,neuralprophet,walk,selected,completed,True,True,,168,17.667600117226442,21.28024946104475,
core_neuralprophet_walk_w23_s2026,core,neuralprophet,walk,selected,completed,True,True,,168,24.691732680570514,29.02369147299346,
core_neuralprophet_walk_w23_s42,core,neuralprophet,walk,selected,completed,True,True,,168,18.711573646182107,21.98698229856023,
core_prophet_frozen_s42,core,prophet,frozen,selected,completed,True,True,,2688,36.963392195495274,49.28105634713894,
core_prophet_walk_w01_s42,core,prophet,walk,selected,completed,True,True,,168,29.495276034784496,37.90583881242751,
core_prophet_walk_w02_s42,core,prophet,walk,selected,completed,True,True,,168,39.022498382114314,49.32040886797881,
core_prophet_walk_w03_s42,core,prophet,walk,selected,completed,True,True,,168,22.58400657700384,30.590333200149182,
core_prophet_walk_w04_s42,core,prophet,walk,selected,completed,True,True,,168,13.411618395534772,17.226091781114985,
core_prophet_walk_w05_s42,core,prophet,walk,selected,completed,True,True,,168,34.59731303471334,46.45766427645619,
core_prophet_walk_w06_s42,core,prophet,walk,selected,completed,True,True,,168,26.65475289837746,34.613137041354946,
core_prophet_walk_w07_s42,core,prophet,walk,selected,completed,True,True,,168,51.936376499891885,80.54579429162605,
core_prophet_walk_w10_s42,core,prophet,walk,selected,completed,True,True,,168,35.71376265942005,42.788389484554926,
core_prophet_walk_w16_s42,core,prophet,walk,selected,completed,True,True,,168,22.881972120983644,29.46711101462366,
core_prophet_walk_w17_s42,core,prophet,walk,selected,completed,True,True,,168,44.709813849564476,57.76942249923374,
core_prophet_walk_w18_s42,core,prophet,walk,selected,completed,True,True,,168,47.77569125070152,61.20207591313859,
core_prophet_walk_w19_s42,core,prophet,walk,selected,completed,True,True,,168,60.80247889084183,78.84264583236923,
core_prophet_walk_w20_s42,core,prophet,walk,selected,completed,True,True,,168,27.943781757544542,33.72460301124136,
core_prophet_walk_w21_s42,core,prophet,walk,selected,completed,True,True,,168,31.472643550659875,38.986395093956,
core_prophet_walk_w22_s42,core,prophet,walk,selected,completed,True,True,,168,31.296397103008932,38.744579483938466,
core_prophet_walk_w23_s42,core,prophet,walk,selected,completed,True,True,,168,47.66297985713583,51.764729936011314,
core_sarimax_frozen_s42,core,sarimax,frozen,selected,completed,True,True,,2688,29.914284495241034,47.54149051270851,
core_sarimax_walk_w01_s42,core,sarimax,walk,selected,completed,True,True,,168,29.59428445173211,37.18296592999006,
core_sarimax_walk_w02_s42,core,sarimax,walk,selected,failed,True,False,No complete forecast file,0,,,RuntimeError: SARIMAX did not converge under bounded optimizer policy
core_sarimax_walk_w03_s42,core,sarimax,walk,selected,completed,True,True,,168,11.967477832842668,17.777835402465488,
core_sarimax_walk_w04_s42,core,sarimax,walk,selected,completed,True,True,,168,11.202146634682832,14.259979596293592,
core_sarimax_walk_w05_s42,core,sarimax,walk,selected,completed,True,True,,168,30.47787332651422,46.37647187997962,
core_sarimax_walk_w06_s42,core,sarimax,walk,selected,completed,True,True,,168,8.686157993050704,16.218598668480837,
core_sarimax_walk_w07_s42,core,sarimax,walk,selected,completed,True,True,,168,71.91835885366605,111.67082190280237,
core_sarimax_walk_w10_s42,core,sarimax,walk,selected,completed,True,True,,168,19.802359139308205,28.281767148280363,
core_sarimax_walk_w16_s42,core,sarimax,walk,selected,completed,True,True,,168,17.786889361199208,23.352747653101186,
core_sarimax_walk_w17_s42,core,sarimax,walk,selected,failed,True,False,No complete forecast file,0,,,RuntimeError: SARIMAX did not converge under bounded optimizer policy
core_sarimax_walk_w18_s42,core,sarimax,walk,selected,failed,True,False,No complete forecast file,0,,,RuntimeError: SARIMAX did not converge under bounded optimizer policy
core_sarimax_walk_w19_s42,core,sarimax,walk,selected,completed,True,True,,168,51.08309296580027,71.49851308616506,
core_sarimax_walk_w20_s42,core,sarimax,walk,selected,failed,True,False,No complete forecast file,0,,,RuntimeError: SARIMAX did not converge under bounded optimizer policy
core_sarimax_walk_w21_s42,core,sarimax,walk,selected,failed,True,False,No complete forecast file,0,,,RuntimeError: SARIMAX did not converge under bounded optimizer policy
core_sarimax_walk_w22_s42,core,sarimax,walk,selected,completed,True,True,,168,29.249010455970488,35.28623729798759,
core_sarimax_walk_w23_s42,core,sarimax,walk,selected,completed,True,True,,168,9.519535824972957,12.894398256248595,
recover_ablate_sarimax_clip,recovery,sarimax,frozen,clip,completed,True,True,,2688,32.65483321427027,52.16817378619017,
recover_core_sarimax_walk_w02_s42,recovery,sarimax,walk,selected,completed,True,True,,168,26.77503454665893,34.89572489584244,
recover_core_sarimax_walk_w17_s42,recovery,sarimax,walk,selected,completed,True,True,,168,34.36939586336295,48.20710016307196,
recover_core_sarimax_walk_w18_s42,recovery,sarimax,walk,selected,completed,True,True,,168,44.180232554873015,58.94761062861912,
recover_core_sarimax_walk_w20_s42,recovery,sarimax,walk,selected,completed,True,True,,168,37.64344565823947,44.11308683236991,
recover_core_sarimax_walk_w21_s42,recovery,sarimax,walk,selected,completed,True,True,,168,43.7867296996133,49.912719786741796,
validate_neuralprophet_0,validate,neuralprophet,frozen,selected,completed,True,True,,672,63.743184215007794,82.70855998488184,
validate_neuralprophet_1,validate,neuralprophet,frozen,selected,completed,True,True,,672,21.382279366600727,27.716900080468005,
validate_prophet_0,validate,prophet,frozen,selected,completed,True,True,,672,24.978747232386095,34.04514439382456,
validate_prophet_1,validate,prophet,frozen,selected,completed,True,True,,672,41.50074637939167,56.98816407114435,
validate_sarimax_0,validate,sarimax,frozen,selected,completed,True,True,,672,15.024756979720449,22.36972012292103,
validate_sarimax_1,validate,sarimax,frozen,selected,failed,True,False,No complete forecast file,0,,,RuntimeError: SARIMAX did not converge under bounded optimizer policy
validate_sarimax_2,validate,sarimax,frozen,selected,completed,True,True,,672,38.941065470785105,58.3268362756345,
validate_sarimax_3,validate,sarimax,frozen,selected,completed,True,True,,672,39.52602361473646,59.15069655682879,
