ds,trend,daily,weekly,yearly
2025-03-24 01:00:00,172.31599840853238,17.050024208370502,-13.639768242646147,-32.08002011021965
2025-03-24 02:00:00,172.310673273691,10.384266385222062,-12.051792828498268,-32.2021070200701
2025-03-24 03:00:00,172.30534813884958,-20.59149501081292,-10.524344676602523,-32.3239986369928
2025-03-24 04:00:00,172.30002300400815,-60.25008578180257,-9.06001983710026,-32.44569332017862
2025-03-24 05:00:00,172.29469786916673,-88.28407677341433,-7.660500683333135,-32.5671894323569
2025-03-24 06:00:00,172.28937273432533,-93.91919281503627,-6.326597319483794,-32.68848533989655
2025-03-24 07:00:00,172.28404759948396,-80.7903426616936,-5.058298958307966,-32.80957941297939
2025-03-24 08:00:00,172.27872246464253,-59.32200406256126,-3.854834327139278,-32.93047002567206
2025-03-24 09:00:00,172.2733973298011,-35.200447605819,-2.714740049784213,-33.05115555607267
2025-03-24 10:00:00,172.26807219495967,-5.549404596476331,-1.635935866228791,-33.171634386482104
2025-03-24 11:00:00,172.26274706011824,33.97768706136182,-0.6158054762917583,-33.29190490349582
2025-03-24 12:00:00,172.25742192527687,79.2556419859156,0.34871826196988465,-33.411965498167
2025-03-24 13:00:00,172.25209679043544,115.89544487077488,1.2610650918525124,-33.531814566089196
2025-03-24 14:00:00,172.24677165559405,128.4001694165167,2.124937406071837,-33.65145050756636
2025-03-24 15:00:00,172.24144652075262,112.03417896833407,2.944219922172826,-33.77087172777687
2025-03-24 16:00:00,172.2361213859112,76.3190569108166,3.722890305131252,-33.89007663678396
2025-03-24 17:00:00,172.23079625106982,37.13724065349433,4.464932033242281,-34.00906364980312
2025-03-24 18:00:00,172.2254711162284,5.254843947144879,5.174250748130365,-34.12783118726694
2025-03-24 19:00:00,172.22014598138696,-18.10401061497352,5.854595267620938,-34.246377674931615
2025-03-24 20:00:00,172.21482084654556,-35.76726493586991,6.509484361645476,-34.364701544025884
2025-03-24 21:00:00,172.20949571170414,-46.59818535014315,7.142140294038701,-34.482801231455205
2025-03-24 22:00:00,172.20417057686277,-44.570682336257214,7.755430026966214,-34.600675179811326
2025-03-24 23:00:00,172.19884544202134,-26.52601774411169,8.351814865841295,-34.718321837547855
2025-03-25 00:00:00,172.1935203071799,-0.2353441181032947,8.93330919331742,-34.83573965913087
2025-03-25 01:00:00,172.18819517233848,17.050024208460474,9.501448803033385,-34.952927105162
2025-03-25 02:00:00,172.1828700374971,10.384266385132767,10.057269202378714,-35.06988264246293
2025-03-25 03:00:00,172.17754490265568,-20.591495011542683,10.601294103978981,-35.18660474426171
2025-03-25 04:00:00,172.17221976781428,-60.250085782260385,11.133534175599358,-35.30309189026825
2025-03-25 05:00:00,172.16689463297286,-88.28407677273451,11.653495969144494,-35.41934256682182
2025-03-25 06:00:00,172.16156949813143,-93.91919281486744,12.160200798899945,-35.53535526706113
2025-03-25 07:00:00,172.15624436329006,-80.79034266129011,12.652213194273726,-35.65112849096101
2025-03-25 08:00:00,172.15091922844863,-59.322004063460156,13.127678413542391,-35.76666074549273
2025-03-25 09:00:00,172.1455940936072,-35.20044760683387,13.584368371951033,-35.881950544823674
2025-03-25 10:00:00,172.1402689587658,-5.549404595994265,14.019735213980939,-35.99699641032014
2025-03-25 11:00:00,172.13494382392437,33.977687059634924,14.43097164929522,-36.111796870742516
2025-03-25 12:00:00,172.129618689083,79.25564198419671,14.815077070050364,-36.226350462388105
2025-03-25 13:00:00,172.12429355424158,115.89544486973392,15.168928381686468,-36.340655729120414
2025-03-25 14:00:00,172.11896841940015,128.40016941655816,15.489354408702921,-36.4547112226053
2025-03-25 15:00:00,172.11364328455872,112.03417896945285,15.773212680506155,-36.568515502367
2025-03-25 16:00:00,172.10831814971732,76.31905691238305,16.017467363201224,-36.68206713592773
2025-03-25 17:00:00,172.10299301487592,37.13724065296382,16.21926708264744,-36.795364698921375
2025-03-25 18:00:00,172.09766788003452,5.254843946617262,16.3760213784355,-36.90840677520982
2025-03-25 19:00:00,172.0923427451931,-18.104010614183625,16.4854745410664,-37.021191957009485
2025-03-25 20:00:00,172.08701761035167,-35.76726493616496,16.54577561724358,-37.13371884503708
2025-03-25 21:00:00,172.08169247551024,-46.59818535021082,16.555543412832282,-37.245986048597715
2025-03-25 22:00:00,172.07636734066887,-44.57068233665903,16.513925388208143,-37.357992185722054
2025-03-25 23:00:00,172.07104220582744,-26.526017743617096,16.420649420492015,-37.469735883237945
2025-03-26 00:00:00,172.06571707098604,-0.2353441178401556,16.27606749985978,-37.58121577697241
2025-03-26 01:00:00,,,,
2025-03-26 02:00:00,,,,
2025-03-26 03:00:00,,,,
2025-03-26 04:00:00,,,,
2025-03-26 05:00:00,,,,
2025-03-26 06:00:00,,,,
2025-03-26 07:00:00,,,,
2025-03-26 08:00:00,,,,
2025-03-26 09:00:00,,,,
2025-03-26 10:00:00,,,,
2025-03-26 11:00:00,,,,
2025-03-26 12:00:00,,,,
2025-03-26 13:00:00,,,,
2025-03-26 14:00:00,,,,
2025-03-26 15:00:00,,,,
2025-03-26 16:00:00,,,,
2025-03-26 17:00:00,,,,
2025-03-26 18:00:00,,,,
2025-03-26 19:00:00,,,,
2025-03-26 20:00:00,,,,
2025-03-26 21:00:00,,,,
2025-03-26 22:00:00,,,,
2025-03-26 23:00:00,,,,
2025-03-27 00:00:00,,,,
2025-03-27 01:00:00,171.93258869995074,17.050024208281243,9.096518472031146,-40.27868362378835
2025-03-27 02:00:00,171.92726356510934,10.384266384303752,9.426102037633038,-40.38285784132496
2025-03-27 03:00:00,171.92193843026791,-20.591495010751398,9.848956030728727,-40.48673522200016
2025-03-27 04:00:00,171.91661329542652,-60.25008578147172,10.365029399643243,-40.590314697910664
2025-03-27 05:00:00,171.9112881605851,-88.28407677335028,10.97311368944459,-40.69359521328022
2025-03-27 06:00:00,171.9059630257437,-93.91919281485501,11.670816307576727,-40.79657572454216
2025-03-27 07:00:00,171.90063789090226,-80.79034266199777,12.45454713045405,-40.899255200459336
2025-03-27 08:00:00,171.89531275606086,-59.32200406260857,13.319518882622969,-41.00163262216885
2025-03-27 09:00:00,171.88998762121946,-35.20044760602871,14.25976155589396,-41.10370698339089
2025-03-27 10:00:00,171.88466248637803,-5.549404595030153,15.268150967443896,-41.20547729039684
2025-03-27 11:00:00,171.87933735153663,33.97768706126707,16.336451385291895,-41.30694256217837
2025-03-27 12:00:00,171.8740122166952,79.25564198573582,17.455371976377663,-41.408101830558536
2025-03-27 13:00:00,171.8686870818538,115.89544487056097,18.614636660859972,-41.50895414020476
2025-03-27 14:00:00,171.8633619470124,128.40016941669464,19.803066792212793,-41.60949854878338
2025-03-27 15:00:00,171.85803681217098,112.034178968699,21.00867591809832,-41.70973412708471
2025-03-27 16:00:00,171.85271167732958,76.31905691116752,22.218775723166022,-41.80965995903134
2025-03-27 17:00:00,171.84738654248818,37.13724065377097,23.420092113298644,-41.9092751417637
2025-03-27 18:00:00,171.84206140764675,5.254843947479455,24.598890265377495,-42.00857878588483
2025-03-27 19:00:00,171.83673627280535,-18.10401061466174,25.74110734615193,-42.107570015355094
2025-03-27 20:00:00,171.83141113796393,-35.76726493587298,26.832491502661775,-42.20624796768011
2025-03-27 21:00:00,171.8260860031225,-46.59818535006249,27.858745633488855,-42.304611794002184
2025-03-27 22:00:00,171.82076086828113,-44.570682336159514,28.805674379399846,-42.40266065914107
2025-03-27 23:00:00,171.8154357334397,-26.526017744450954,29.659332720064103,-42.500393741728345
2025-03-28 00:00:00,171.8101105985983,-0.23534411835914384,30.406174527058777,-42.59781023428631
2025-03-28 01:00:00,171.80478546375687,17.050024208462762,31.033199406602446,-42.69490934325299
2025-03-28 02:00:00,171.79946032891544,10.38426638509856,31.52809617472506,-42.791690289127914
2025-03-28 03:00:00,171.79413519407407,-20.591495011481168,31.879381326482466,-42.88815230655481
2025-03-28 04:00:00,171.78881005923265,-60.25008578212528,32.076530907422544,-42.9842946443782
2025-03-28 05:00:00,171.78348492439122,-88.28407677267045,32.11010425813993,-43.08011656569728
2025-03-28 06:00:00,171.77815978954982,-93.91919281506377,31.971858182990136,-43.17561734803756
2025-03-28 07:00:00,171.7728346547084,-80.7903426615943,31.654850194220778,-43.270796283318056
2025-03-28 08:00:00,171.76750951986702,-59.32200406350748,31.15352959667979,-43.36565267801012
2025-03-28 09:00:00,171.7621843850256,-35.200447607043564,30.46381530913299,-43.460185853219244
2025-03-28 10:00:00,171.75685925018416,-5.54940459637396,29.583159462913056,-43.55439514465453
2025-03-28 11:00:00,171.75153411534274,33.97768706189893,28.510595972296805,-43.64827990282833
2025-03-28 12:00:00,171.7462089805013,79.25564198401692,27.246773439086194,-43.74183949309453
2025-03-28 13:00:00,171.74088384565994,115.89544486951999,25.793971925428245,-43.83507329569865
2025-03-28 14:00:00,171.73555871081854,128.40016941641088,24.156103312213066,-43.92798070585091
2025-03-28 15:00:00,171.7302335759771,112.03417896832208,22.338695139435416,-44.02056113380691
2025-03-28 16:00:00,171.72490844113568,76.31905691273396,20.34885801527637,-44.11281400496112
2025-03-28 17:00:00,171.71958330629425,37.137240653148936,18.195236861594335,-44.20473875987974
2025-03-28 18:00:00,171.71425817145288,5.254843946951839,15.88794644978081,-44.296334854421836
2025-03-28 19:00:00,171.70893303661146,-18.104010615084974,13.438491855539114,-44.38760175974305
2025-03-28 20:00:00,171.70360790177006,-35.76726493616802,10.859674631556542,-44.47853896237975
2025-03-28 21:00:00,171.69828276692863,-46.5981853502217,8.165485659898382,-44.569145964373114
2025-03-28 22:00:00,171.6929576320872,-44.57068233590975,5.370985798225502,-44.65942228325131
2025-03-28 23:00:00,171.68763249724583,-26.526017743956377,2.492175566068362,-44.74936745215301
2025-03-29 00:00:00,171.6823073624044,-0.2353441179002416,-0.4541447556881493,-44.83898101987324
2025-03-29 01:00:00,171.67698222756297,17.050024208552728,-3.450523127167837,-44.92826255090103
2025-03-29 02:00:00,171.67165709272155,10.384266385009251,-6.4790102893219945,-45.017211625524936
2025-03-29 03:00:00,171.66633195788017,-20.59149501221094,-9.521319195933414,-45.105827839886224
2025-03-29 04:00:00,171.66100682303878,-60.25008578258307,-12.558987637608713,-45.19411080599052
2025-03-29 05:00:00,171.65568168819735,-88.28407677293256,-15.573542337428375,-45.28206015180779
2025-03-29 06:00:00,171.65035655335592,-93.91919281489494,-18.546662768472828,-45.36967552133965
2025-03-29 07:00:00,171.6450314185145,-80.7903426611908,-21.46034295924639,-45.456956574639484
2025-03-29 08:00:00,171.63970628367312,-59.32200406308169,-24.29704958117379,-45.54390298790411
2025-03-29 09:00:00,171.6343811488317,-35.20044760654946,-27.039874654474275,-45.63051445350152
2025-03-29 10:00:00,171.6290560139903,-5.5494045958919,-29.67268127446474,-45.7167906800363
2025-03-29 11:00:00,171.62373087914887,33.97768706017203,-32.18024085043344,-45.80273139238659
2025-03-29 12:00:00,171.61840574430744,79.2556419846886,-34.548360445865754,-45.888336331825954
2025-03-29 13:00:00,171.61308060946607,115.89544486997929,-36.76399892383446,-45.973605255943106
2025-03-29 14:00:00,171.60775547462464,128.4001694165059,-38.81537074242839,-46.058537938800676
2025-03-29 15:00:00,171.6024303397832,112.03417896944086,-40.69203638297711,-46.14313417096065
2025-03-29 16:00:00,171.59710520494178,76.31905691193045,-42.384978547995615,-46.22739375950764
2025-03-29 17:00:00,171.59178007010038,37.13724065457812,-43.88666344298683,-46.31131652809096
2025-03-29 18:00:00,171.586454935259,5.25484394801643,-45.19108661648976,-46.3949023170212
2025-03-29 19:00:00,171.58112980041759,-18.104010614295085,-46.29380301668989,-46.4781509832628
2025-03-29 20:00:00,171.57580466557616,-35.7672649362673,-47.19194110599076,-46.56106240048542
2025-03-29 21:00:00,171.57047953073473,-46.59818535000569,-47.88420105227256,-46.64363645914898
2025-03-29 22:00:00,171.5651543958933,-44.57068233631157,-48.37083720024724,-46.72587306647279
2025-03-29 23:00:00,171.55982926105193,-26.52601774346179,-48.65362520058384,-46.80777214655381
2025-03-30 00:00:00,171.55450412621053,-0.23534411744132666,-48.735814348722045,-46.88933364033596
2025-03-30 01:00:00,,,,
2025-03-30 02:00:00,,,,
2025-03-30 03:00:00,,,,
2025-03-30 04:00:00,,,,
2025-03-30 05:00:00,,,,
2025-03-30 06:00:00,,,,
2025-03-30 07:00:00,,,,
2025-03-30 08:00:00,,,,
2025-03-30 09:00:00,,,,
2025-03-30 10:00:00,,,,
2025-03-30 11:00:00,,,,
2025-03-30 12:00:00,,,,
2025-03-30 13:00:00,,,,
2025-03-30 14:00:00,,,,
2025-03-30 15:00:00,,,,
2025-03-30 16:00:00,,,,
2025-03-30 17:00:00,,,,
2025-03-30 18:00:00,,,,
2025-03-30 19:00:00,,,,
2025-03-30 20:00:00,,,,
2025-03-30 21:00:00,,,,
2025-03-30 22:00:00,,,,
2025-03-30 23:00:00,,,,
2025-03-31 00:00:00,,,,
