ds,trend,daily,weekly,yearly,no,no2,co,so2,o3,nh3,temperature,dewpt,pm10
2025-06-16 01:00:00,223.78215333878177,4.873252544244136,-0.9498677888983051,2.6443639567650274,2.23310316081962,-14.6136300236617,-38.00269353353483,6.686960638806859,1.130932303940059,1.3298485072868695,-10.79153438066877,18.45186729635013,-179.1585028160123
2025-06-16 02:00:00,223.78308028054306,5.292800333088153,-0.9885370780425607,2.6464669273782224,2.2455858872895655,-14.609966264346468,-38.02199249771891,6.652615422636738,2.1539778287762137,1.7030431438922615,-11.898975497865832,18.866243583797996,-179.44945127595378
2025-06-16 03:00:00,223.78400722230435,5.425906988810104,-1.0219424910129633,2.648586879022465,2.2650711188524064,-14.903067009565289,-38.236348849906356,6.685350706798885,3.988404287103112,2.1686959111881783,-16.467170106303705,16.656236717409403,-180.33615134434686
2025-06-16 04:00:00,223.78493416406567,5.423133434835732,-1.0506945567923012,2.6507235085385683,2.293081139223991,-16.430854644018396,-39.1311660017628,7.109836112901475,9.322965509562103,3.6749229129829146,-17.57461122350077,15.13685699676724,-183.40496486230114
2025-06-16 05:00:00,223.78586110582694,5.504722712973452,-1.0754414230079685,2.6528765106611236,2.2968868485136085,-16.76792050102004,-39.349140909734764,7.196235797329436,10.787745833727813,3.86152023128561,-19.374203038945993,14.16997899272223,-183.79289614222313
2025-06-16 06:00:00,223.78678804758823,5.496721242239781,-1.0968592914768989,2.6550455780328353,2.297495761999947,-16.84302756698236,-39.428921449174304,7.205358745374626,11.301569298225733,3.863201288207257,-20.620074295792683,14.30810442187152,-183.7790414536545
2025-06-16 07:00:00,223.78771498934952,4.729946234171438,-1.115642584993224,2.6572304012194783,2.2968868485136085,-16.888824558422805,-39.41996121580313,7.198919017342727,11.81692656411021,3.8161316944011703,-22.142805831938645,14.584355280170094,-183.67513128938967
2025-06-16 08:00:00,223.78864193111082,2.5468921198083856,-1.1324939704506478,2.6594306687245868,2.2962779350272693,-16.901647716026126,-39.36395975723325,7.190332713300196,12.022455949909377,3.742165189848751,-23.38867708878534,15.68935871336439,-183.56429378084056
2025-06-16 09:00:00,223.7895688728721,-0.9822800664944168,-1.148114365081199,2.661646067007106,2.2956690215409306,-16.865010122873777,-39.26074476128447,7.178526545241718,12.146693862220815,3.651388116079871,-23.111816809486072,18.037491008902276,-183.43960158372275
2025-06-16 10:00:00,223.7904958146334,-4.836073158587351,-1.1631930520111076,2.6638762804966154,2.2909499420218054,-16.258657956202338,-38.910434098907395,7.076027540734012,11.180398988687417,2.8579292490630017,-22.558096250887537,19.694996158693716,-182.22038898968225
2025-06-16 11:00:00,223.79142275639467,-7.623645375228748,-1.1783980300903003,2.6661209916077926,2.2918633122513135,-15.199831514099348,-38.37402628189813,6.923083999976441,9.118969925149495,1.704724200813907,-20.204783876843788,20.661874162738723,-179.9897841301308
2025-06-16 12:00:00,223.79234969815596,-8.542348745150024,-1.1943667189637874,2.66837988075818,2.299626959202133,-14.36815814954094,-37.86846234514736,6.818975063460761,7.345895522285038,0.796953463125116,-18.26676192174893,20.661874162738723,-177.793815992001
2025-06-16 13:00:00,223.79327663991725,-7.895078090937275,-1.211697136077943,2.670652626381626,2.3003881010600566,-14.137341312681118,-37.53469365207092,6.782483271280007,6.166402256019664,0.1463844344481485,-17.43618108385113,19.418745300395145,-176.27672759373468
2025-06-16 14:00:00,223.79420358167854,-6.71795963177395,-1.2309396555680772,2.672938904948514,2.3003881010600566,-14.051242968773089,-37.215916118673185,6.75887093516305,5.408704371058554,-0.38987272355689645,-16.467170106303705,18.45186729635013,-175.02980562255684
2025-06-16 15:00:00,223.79513052343984,-5.862216614178463,-1.2525894515414921,2.675238390979958,2.3003881010600566,-13.924843272397473,-36.92229616358684,6.74169832707799,4.473085525256374,-0.8992329708156074,-15.359728989106646,19.004369012947283,-174.0322680456146
2025-06-16 16:00:00,223.7960574652011,-5.351637459200442,-1.2770797191969219,2.677550757062254,2.3003881010600566,-13.606096211972005,-36.68795159849446,6.7701404592188705,2.9991023927712988,-1.4388522426639447,-13.698567313311054,21.21437587933588,-173.3810976828884
2025-06-16 17:00:00,223.7969844069624,-4.552844451509633,-1.304775757088677,2.67987567386789,2.3003881010600566,-13.102329306127153,-36.3562506515806,6.815218555442154,1.433091177092567,-1.8776080992135271,-13.144846754712527,20.938125021037298,-172.2380858759754
2025-06-16 18:00:00,223.7979113487237,-2.9298288482783343,-1.335969982808242,2.6822128101691827,2.3000836443168873,-12.629704354461806,-36.02334351940524,6.832927807529873,0.21985428032285337,-1.5565262271791576,-12.729556335763629,20.661874162738723,-170.61708731344424
2025-06-16 19:00:00,223.79883829048498,-0.6378835676629283,-1.3708779421073225,2.6845618328546297,2.2994747308305485,-12.254169024650192,-35.76211825419931,6.850100415614934,-0.775582819555204,-1.1984611028685794,-11.345254939267303,21.07625045018659,-168.9337426523542
2025-06-16 20:00:00,223.79976523224627,1.5821419584467398,-1.4096353589373543,2.6869224069498214,2.2982569038578706,-11.957404520116134,-35.55482670140068,6.871566175721261,-1.514875087877583,-1.332945656600252,-10.514674101369504,20.661874162738723,-167.44436363122517
2025-06-16 21:00:00,223.80069217400754,3.052227351686344,-1.452296260379562,2.689294195631389,2.295364564797761,-11.732083322229165,-35.40181348536977,6.8849822757877135,-2.082381600905135,-1.823814277720858,-10.23781382207024,20.109372446141577,-166.1489502500571
2025-06-16 22:00:00,223.80161911576883,3.6943400631041112,-1.4988321966961364,2.6916768602426764,2.261417637934374,-12.136928726562664,-35.31462352218099,6.8849822757877135,-2.123794238342281,-2.109593954400663,-10.514674101369504,19.280619871245854,-165.3730876902131
2025-06-16 23:00:00,223.80254605753012,3.967892334136002,-1.5491325628327346,2.694070060316026,2.151965438764976,-13.60060057299915,-34.97740858550025,6.832927807529873,-1.2004458036325878,-1.986876799120511,-11.345254939267303,20.523748733589443,-164.3270587032806
2025-06-17 00:00:00,223.80347299929142,4.341818691296257,-1.6030060136081625,2.696473453587415,2.072350000426179,-14.12818191439303,-34.55782842667675,6.698766806865338,-0.5455126115710613,-2.072610702124452,-13.56013717366142,20.523748733589443,-162.63678669790625
2025-06-17 01:00:00,223.8043999410527,4.873252544239039,-1.6601829508297916,2.6988866960134867,2.1248687886228996,-13.787452298076149,-35.10130104307483,6.12348443601581,2.0772877594481662,-1.3463941119734189,-17.297750944201507,20.523748733589443,-161.58383036668943
2025-06-17 02:00:00,223.805326882814,5.2928003330772615,-1.7203190471508634,2.701309441788992,2.1463329890163423,-13.615255610260093,-34.953801816810795,5.903997038928629,4.134115418826402,-1.1362619967676801,-20.48164415614305,20.385623304440152,-157.38585973039082
2025-06-17 03:00:00,223.8062538245753,5.4259069888093885,-1.7829997582081474,2.7037413433679203,2.182258884710331,-13.49251967319971,-34.68533944003584,5.7532000741816915,7.405713776360911,-1.0152258984091749,-23.52710722843497,19.97124701699229,-148.4149488821949
2025-06-17 04:00:00,223.8071807663366,5.423133434800109,-1.8477457619598732,2.7061820514788835,2.2672023160545924,-15.251124144512637,-36.57801642751729,5.609916125471966,17.656108442747755,1.6862325746758025,-26.157279881777992,19.280619871245854,-147.07797143532093
2025-06-17 05:00:00,223.80810770809788,5.504722712968974,-1.9140192528103446,2.7086312151414913,2.289884343420712,-16.33010126284943,-37.329125221074435,5.922242935019006,23.087299152560085,2.308223635684789,-28.233731976522478,18.866243583797996,-143.1501672261108
2025-06-17 06:00:00,223.80903464985917,5.496721242249631,-1.9812310068794903,2.7110884816888112,2.2946034229398378,-16.663503360535834,-37.72854485481278,6.157293008183273,25.567455994629142,2.5721495723831973,-29.47960323336917,18.866243583797996,-142.61676171621806
2025-06-17 07:00:00,223.80996159162044,4.729946234226488,-2.0487481253655813,2.713553496783714,2.2968868485136085,-16.896152077053273,-38.737432669971554,6.679447622769645,22.46304198822978,3.2361670564333314,-30.033323791967696,18.58999272549942,-158.53579888158814
2025-06-17 08:00:00,223.81088853338173,2.546892119795881,-2.1159023544254385,2.716025904435653,2.2978002187431166,-16.908975234656598,-39.1346122453671,6.850100415614934,20.493641007885515,3.456385513168946,-30.310184071266963,19.142494442096567,-165.12370329597755
2025-06-17 09:00:00,223.81181547514302,-0.9822800663407435,-2.181998872712139,2.718505347021435,2.2985613606010404,-16.813717492460484,-39.174416358996766,6.839367535561772,20.185346929186764,3.44629917163907,-29.894893652318075,19.97124701699229,-166.03118539722362
2025-06-17 10:00:00,223.8127424169043,-4.836073158448952,-2.246325431967549,2.720991465303987,2.2987135889726247,-16.238507279968545,-38.93352393105621,6.720769210974322,19.23899147367866,2.9083609567123796,-28.92588267477064,20.938125021037298,-164.96437437743816
2025-06-17 11:00:00,223.8136693586656,-7.623645375256697,-2.3081617317142293,2.7234838984482113,2.299779187573718,-15.447135267877727,-38.51876851327873,6.575875330256623,17.350881966822126,2.054384040516257,-27.264720998975044,22.181253883380887,-163.48192270059346
2025-06-17 12:00:00,223.8145963004269,-8.542348745137984,-2.3667889064176104,2.725982284043699,2.3003881010600566,-15.038626104228994,-38.15277744250209,6.486255781812714,15.620754002781373,1.3399348488167449,-25.18826890423056,23.83875903317233,-162.83075233786727
2025-06-17 13:00:00,223.8155232421882,-7.8950780909804195,-2.4214990019308473,2.72848625812074,2.3003881010600566,-14.661258894759763,-37.730267976614925,6.4905489338339795,13.206550620334431,0.398542972695035,-24.4961182059824,23.148131887425894,-162.44282105794528
2025-06-17 14:00:00,223.81645018394948,-6.717959631748458,-2.4716043187226044,2.7309954551713584,2.3003881010600566,-14.021932894251206,-37.05308110837002,6.487865713820688,10.760137408769715,-0.6437123187254291,-22.281235971588277,22.31937931253017,-160.18450682125658
2025-06-17 15:00:00,223.81737712571075,-5.862216614158775,-2.5164465009658974,2.733509508168036,2.3003881010600566,-13.309331707437945,-36.41552604157456,6.481425985788791,8.635822488382798,-1.6170442763584116,-20.89693457509195,21.49062673763445,-156.894018286204
2025-06-17 16:00:00,223.81830406747207,-5.351637459221158,-2.5554052541381416,2.736028048581557,2.3003881010600566,-12.798237282962628,-36.082274285038764,6.494842085855244,6.993121203376016,-2.6290405431892485,-19.92792359754452,20.799999591888014,-153.99838837535776
2025-06-17 17:00:00,223.81923100923336,-4.552844451504186,-2.587906578711431,2.738550706403331,2.3003881010600566,-12.600394279939925,-35.796236065881885,6.498598593873851,6.181740269885274,-3.4073698979113054,-18.543622201048198,20.109372446141577,-151.44912567872757
2025-06-17 18:00:00,223.82015795099463,-2.9298288482521553,-2.6134304136795494,2.7410771101599756,2.3003881010600566,-12.484985861510014,-35.472461479257916,6.487865713820688,5.592760537445868,-4.07979266656967,-17.159320804551868,19.694996158693716,-148.89986298209737
2025-06-17 19:00:00,223.82108489275592,-0.6378835676203246,-2.6315175916324374,2.7436068869403236,2.3003881010600566,-12.343931127873455,-35.21743945253973,6.47605954576221,4.9731047772752435,-4.4563494170183535,-15.636589268405912,19.833121587843006,-146.06657916981
2025-06-17 20:00:00,223.8220118345172,1.5821419584422352,-2.641776015769574,2.7461396624069936,2.3003881010600566,-12.158911282454076,-34.9837841361682,6.474449613754234,4.442409497525154,-4.5605749461604,-14.806008430508118,19.97124701699229,-143.1224578489735
2025-06-17 21:00:00,223.8229387762785,3.0522273517167005,-2.6438859795006033,2.7486750608221904,2.3003881010600566,-12.03617534539369,-34.8125058290345,6.473376325748918,4.052823945338673,-4.436176733958602,-13.97542759261032,20.385623304440152,-140.393084200951
2025-06-17 22:00:00,223.8238657180398,3.6943400630876564,-2.637604560266484,2.7512127050666404,2.2973435336283625,-11.942749482855193,-34.66793590983413,6.472303037743601,3.641765173740337,-3.869660551363931,-13.836997452960691,20.661874162738723,-138.34951763707622
2025-06-17 23:00:00,223.82479265980106,3.967892334137279,-2.6227690312496956,2.7537522166564186,2.263853291879729,-12.025184067447988,-34.21716724639171,6.436884533568165,3.2613824298732204,-3.034175261305914,-14.944438570157748,20.799999591888014,-135.76561821902442
2025-06-18 00:00:00,223.82571960156235,4.341818691292177,-2.5992992472244425,2.7562932157662776,2.1916970437485825,-12.391559998971513,-33.58891703732786,6.338142037079066,3.450040000420218,-2.286104931173483,-16.328739966654073,20.799999591888014,-132.59289453680532
2025-06-18 01:00:00,223.82664654332365,4.8732525442339405,-2.5671989741013785,2.758835321246952,2.178300947049128,-12.369577443080102,-33.57771674561388,5.8014980344209235,5.775282902446621,-0.8504823200878762,-18.68205234069783,20.661874162738723,-126.6284511080048
2025-06-18 02:00:00,223.82757348508494,5.292800333074372,-2.5265561452527585,2.761378150650115,2.183781168426178,-12.609553678228012,-33.5525591673025,5.509027052972236,8.212493305691973,-0.24193971445205653,-21.173794854391215,20.385623304440152,-121.82780151897023
2025-06-18 03:00:00,223.82850042684623,5.425906988800056,-2.4775420415463474,2.7639213202450414,2.211943417169347,-13.04370915708339,-33.66438977226203,5.315835212015306,12.148227663607374,0.20858354054904732,-23.942397647383867,19.97124701699229,-115.51006353166932
2025-06-18 04:00:00,223.8294273686075,5.4231334348124705,-2.4204094059297465,2.766464445037665,2.272378080688472,-14.96351903826667,-35.05581062749807,5.534249321097168,20.29424682763259,1.4676951748618337,-26.849430580026155,19.142494442096567,-108.08395045887701
2025-06-18 05:00:00,223.8303543103688,5.504722712984605,-2.3554895169758447,2.7690071387972077,2.292167768994483,-16.20919720544666,-35.94838772101172,5.921706291016347,24.96620585109725,2.03253030053486,-29.202742954069908,18.72811815464871,-109.2962357086332
2025-06-18 06:00:00,223.83128125213008,5.496721242252956,-2.2831882593043358,2.771549014070013,2.2964301633988544,-16.58290065560066,-36.531664451039454,6.235643032571361,25.631875652864707,2.5771927431481347,-31.00233476951513,19.418745300395145,-115.84950340160105
2025-06-18 07:00:00,223.83220819389138,4.729946234200198,-2.203981241727273,2.7740896822061316,2.2982569038578706,-16.685485916427247,-37.12976002856569,6.58553492230447,23.628731042016103,3.194140633392183,-31.556055328113658,21.21437587933588,-128.14553950627112
2025-06-18 08:00:00,223.83313513565267,2.546892119911553,-2.1184080260798965,2.7766287533734215,2.2990180457157945,-16.623202008068247,-37.41665980862365,6.761017511173682,20.81420549767676,3.4647907977771757,-31.140764909164762,21.49062673763445,-140.0744263638722
2025-06-18 09:00:00,223.83406207741396,-0.9822800664189237,-2.027065541233577,2.7791658365884713,2.299779187573718,-16.48214727443169,-37.460771726758686,6.830781231519241,18.20060793497689,3.493368765445156,-32.940356724609984,17.761240150603694,-150.45158810178532
2025-06-18 10:00:00,223.83498901917523,-4.836073158484605,-1.930600767458319,2.781700539727186,2.2999314159453026,-16.150577056402895,-37.34101476150927,6.815755199444814,15.376879582318178,3.281555593317771,-31.140764909164762,21.49062673763445,-158.2379230773623
2025-06-18 11:00:00,223.83591596093652,-7.623645375182374,-1.829702785297936,2.7842324695518434,2.3003881010600566,-15.688943382683256,-37.12372910225816,6.739015107064698,12.496400578356711,2.8898693305742738,-29.47960323336917,23.286257316575185,-162.37354761510204
2025-06-18 12:00:00,223.83684290269784,-8.542348745138087,-1.7250942917234942,2.7867612317314125,2.3003881010600566,-15.394010757806816,-36.97881455869736,6.683740774790909,10.292327985868624,2.5334852631853413,-29.47960323336917,22.871881029127323,-164.97822906600683
2025-06-18 13:00:00,223.83776984445913,-7.895078090948577,-1.6175226931247633,2.789286430860599,2.3003881010600566,-15.08991873464229,-36.88076892815503,6.682667486785594,8.14040464052361,1.9568827390607941,-18.405192061398562,26.18689132871021,-166.384479955724
2025-06-18 14:00:00,223.83869678622042,-6.717959631791482,-1.5077508900275356,2.791807670484158,2.3003881010600566,-14.685073330308791,-36.649181357946084,6.6966202308547045,6.298309175263905,1.144932245905819,-18.543622201048198,27.015643903605937,-165.99654867580205
2025-06-18 15:00:00,223.8396237279817,-5.862216614182763,-1.3965478725960991,2.79432455311921,2.3003881010600566,-14.293051083578618,-36.44033899552552,6.698766806865338,4.922489331518732,0.45569890803099594,-18.405192061398562,27.56814562020308,-164.75655404890853
2025-06-18 16:00:00,223.84055066974298,-5.351637459224469,-1.2846792486891514,2.7968366802724516,2.3003881010600566,-14.093376200898295,-36.422246216602936,6.670861318727115,3.973066273237503,0.1514276052130864,-18.26676192174893,27.56814562020308,-163.4334312906032
2025-06-18 17:00:00,223.84147761150427,-4.552844451498741,-1.17289782664328,2.799343652462239,2.3003881010600566,-14.098871839871146,-36.42000615826014,6.6724712507350885,3.4485061990336576,0.49100110338556024,-17.851471502800035,27.70627104935237,-162.26963745083725
2025-06-18 18:00:00,223.84240455326557,-2.929828848332385,-1.061934374952914,2.8018450692458465,2.3003881010600566,-14.249085971795795,-36.4689428174412,6.692863722836098,3.0987994828977605,1.109630050551255,-17.297750944201507,27.4300201910538,-161.7639413180818
2025-06-18 19:00:00,223.84333149502686,-0.6378835677142901,-0.9524886784238811,2.8043405292367525,2.3003881010600566,-14.49089408660132,-36.57973954931944,6.593047938341684,2.667801293274133,1.9585637959824398,-16.328739966654073,26.46314218700879,-162.59522263220032
2025-06-18 20:00:00,223.84425843678812,1.5821419584857157,-0.8452210069873932,2.8068296301241595,2.3003881010600566,-14.655763255786908,-36.57146856466912,6.542603402091819,2.265945329995164,2.683099329211827,-16.467170106303705,26.739393045307363,-162.59522263220032
2025-06-18 21:00:00,223.84518537854942,3.052227351677099,-0.7407441078341848,2.8093119687026356,2.3003881010600566,-14.67774581167832,-36.4539516577625,6.4905489338339795,1.974523066548582,3.1638816088025568,-15.498159128756281,26.739393045307363,-161.19589908676747
2025-06-18 22:00:00,223.8461123203107,3.6943400630735517,-0.6396158252206311,2.811787140885374,2.300235872688472,-14.452424613791353,-36.182559973923894,6.442787617597404,1.5174502533534189,3.4479802285607164,-15.221298849457016,27.015643903605937,-158.25177776593097
2025-06-18 23:00:00,223.84703926207203,3.967892334151398,-0.542332444296325,2.814254741732564,2.2964301633988544,-13.714177111771445,-35.55034658471509,6.421858501493737,0.5143441465425563,3.437893887030841,-14.944438570157748,27.015643903605937,-155.52933146219274
2025-06-19 00:00:00,223.84796620383332,4.341818691288097,-0.4493228458736497,2.816714365472362,2.2742048211474883,-12.84220239474545,-34.73996240116399,6.3671208132226065,-0.44428172005803845,3.342073642497024,-15.636589268405912,26.739393045307363,-152.79303046988588
2025-06-19 01:00:00,223.84889314559456,4.873252544213292,-0.3609435491503482,2.8191656055186325,2.231885333846942,-12.400719397259603,-34.04140882257242,6.311309836946159,-0.5623844268232318,3.2832366502394166,-18.68205234069783,23.97688446232162,-150.79102797171703
2025-06-19 02:00:00,223.84982008735588,5.292800333071481,-0.2774747077127093,2.821608054500213,2.222142718065522,-11.389521826254667,-33.385416352493955,6.179832056294915,-0.6789533322018644,3.239529170276623,-19.09734275964673,24.39126074976948,-149.35014036057828
2025-06-19 03:00:00,223.85074702911717,5.425906988803568,-0.1991171123357369,2.8240413042770216,2.207528794393391,-10.299553429972176,-32.65498502056261,5.9882501473459575,-0.7142307640927662,3.170605836489141,-18.820482480347465,24.94376246636663,-147.34121051812514
2025-06-19 04:00:00,223.85167397087847,5.423133434824831,-0.12599024101027875,2.826464945966991,2.1953505246666145,-9.922186220502942,-32.4881868301145,5.985030283330009,0.04806852502802719,3.3353494148104406,-21.173794854391215,24.94376246636663,-146.4129463840261
2025-06-19 05:00:00,223.85260091263976,5.5047227130002385,-0.058131383325909704,2.828878569966097,2.2245783720108774,-9.973478850916237,-32.93430306469111,6.153536500164665,0.7597523683923084,3.375694780929942,-22.142805831938645,24.94376246636663,-147.6113769452136
2025-06-19 06:00:00,223.85352785440102,5.49672124222646,0.004504147365246749,2.8312817659722267,2.2388878389398386,-10.173153733596559,-33.17381699518995,6.222226932504908,1.7168444336063422,3.3538410409485455,-22.558096250887537,25.081887895515916,-147.84690665088056
2025-06-19 07:00:00,223.85445479616232,4.729946234173908,0.062041714462432895,2.833674123006385,2.266136717453499,-10.92972003219264,-33.806375008759176,6.386439997318299,3.2184359910495153,3.3925053501464015,-23.665537368084603,25.081887895515916,-149.75192632906888
2025-06-19 08:00:00,223.8553817379236,2.546892119851063,0.11468498592714603,2.836055229436824,2.282881838327816,-11.730251442571548,-34.472016960929686,6.509331473927013,4.345780010171813,3.323582016358919,-23.803967507734235,25.910640470411636,-151.8232022700809
2025-06-19 09:00:00,223.8563086796849,-0.982280066497102,0.16271251752903707,2.8384246729996834,2.287296461103772,-12.184557597660719,-34.837146470805244,6.571582178235359,5.002247003619901,3.212632259530289,-22.142805831938645,26.739393045307363,-152.63370155134646
2025-06-19 10:00:00,223.8572356214462,-4.836073158550084,0.2064733332392442,2.840782040825478,2.292167768994483,-12.00686527087181,-34.83456178810203,6.6053907504028215,4.72616275403893,2.66124558923043,-22.00437569228901,26.601267616158072,-151.47683505586485
2025-06-19 11:00:00,223.8581625632075,-7.6236453752231625,0.24638155745791468,2.843126919459619,2.2984091322294553,-11.477452049820315,-34.63140572762855,6.6397359665729425,3.554338494706363,1.8795541206650817,-19.92792359754452,26.048765899560927,-148.8721536049601
2025-06-19 12:00:00,223.85908950496875,-8.542348745126048,0.2829101658976864,2.84545889488138,2.300235872688472,-11.054287848910642,-34.53008616566214,6.679984266772304,2.193856664826799,1.3617885887981416,-18.543622201048198,26.048765899560927,-146.68311281111463
2025-06-19 13:00:00,223.86001644673004,-7.895078090971755,0.3165839335258181,2.847777552535308,2.3003881010600566,-10.403970570456382,-34.580918258825555,6.6944736548440735,0.595635620030287,1.3466590765033284,-18.543622201048198,27.4300201910538,-145.50546428278
2025-06-19 14:00:00,223.86094338849134,-6.717959631765989,0.34797166818659064,2.8500824773495013,2.3000836443168873,-9.46788006541377,-34.48924817895118,6.66925138671914,-0.8798813138413487,1.696318916205678,-17.43618108385113,27.70627104935237,-144.40401654157293
2025-06-19 15:00:00,223.86187033025263,-5.862216614175916,0.3776778282955379,2.852373253757821,2.2981046754862864,-8.520798282425455,-34.28212893833276,6.6397359665729425,-1.9934211204846002,2.088005178949175,-16.605600245953344,27.982521907650945,-143.10167581612055
2025-06-19 16:00:00,223.86279727201392,-5.3516374592277804,0.40633363054638355,2.854649465723154,2.292624454109237,-7.918109875069253,-34.1503101204683,6.66066508267661,-2.744983799899466,2.3721037987073337,-16.05187968735481,27.982521907650945,-142.3327406005609
2025-06-19 17:00:00,223.86372421377519,-4.552844451544539,0.43458776089655354,2.856910696763407,2.27587933323492,-7.47113123861055,-33.833083396692494,6.7030599588866036,-3.20205661309463,2.5687874585399055,-15.498159128756281,27.982521907650945,-140.87107095656913
2025-06-19 18:00:00,223.86465115553648,-2.9298288482763826,0.4630968071460595,2.8591565299747344,2.242693548229456,-7.035143880097553,-33.31373448552452,6.711109618926475,-3.407585998893797,2.73521209378285,-15.221298849457016,27.844396478501654,-138.23868012852708
2025-06-19 19:00:00,223.8655780972978,-0.6378835676716861,0.4925155353252797,2.8613865480499197,2.20037406092891,-6.64128975370976,-32.63241212495445,6.678374334764329,-3.547161925070844,2.876420875201107,-14.944438570157748,27.70627104935237,-135.27377677483761
2025-06-19 20:00:00,223.86650503905906,1.5821419584106167,0.5234871346854514,2.863600333305333,2.1501386983059594,-6.208966154511999,-31.814101581113466,6.605927394405479,-3.626919597172013,2.9991380304812587,-14.806008430508118,27.56814562020308,-130.90262253143098
2025-06-19 21:00:00,223.86743198082036,3.0522273517074563,0.5566335564661369,2.8657974677066558,2.0925963738469435,-5.747332480792356,-30.988553925703446,6.465863309711704,-3.6453252138107453,3.1067256734665967,-14.390718011559217,27.4300201910538,-125.36074710397402
2025-06-19 22:00:00,223.86835892258165,3.6943400630869196,0.5925460711627111,2.8679775328877235,2.072350000426179,-4.90100407897301,-30.672188762828725,5.555178437200837,-3.5134182945665033,3.649707059158225,-14.529148151208851,27.4300201910538,-117.71295901408347
2025-06-19 23:00:00,223.86928586434294,3.967892334140694,0.6317761663827498,2.8701401101740687,2.0189178419999494,-5.877395936483209,-30.53640676481931,5.079175206843064,-2.5394544141002986,3.802683239028003,-15.359728989106646,26.46314218700879,-110.15522639988905
2025-06-20 00:00:00,223.87021280610423,4.341818691269214,0.674826903601354,2.872284780613708,1.90520324842618,-7.407015450593931,-30.127682273349354,4.737332977149828,-1.0823430968673946,3.6950955960426652,-17.7130413631504,20.938125021037298,-102.47280158857689
2025-06-20 01:00:00,223.87113974786553,4.873252544263213,0.7221448464594622,2.87441112498962,2.0702188032239928,-10.370996736619263,-32.705472489365604,5.517613357014766,1.9959962859604357,3.811088523636233,-21.173794854391215,10.993094122288628,-116.90245973281787
2025-06-20 02:00:00,223.87206668962682,5.292800333060592,0.7741126666716729,2.8765187238512397,2.1670360475518606,-11.999537752241341,-34.15323942753196,5.826720302545857,4.827393645551953,3.558929985389346,-23.665537368084603,4.9155752397199945,-131.4706647627453
2025-06-20 03:00:00,223.87299363138808,5.4259069888028515,0.8310425252005791,2.8786071575379766,2.211943417169347,-12.930132618311097,-34.795446923193225,5.88092134681433,7.695602238420931,3.3555220978701907,-25.46512918352983,3.1199446607792622,-138.44650045705671
2025-06-20 04:00:00,223.87392057314938,5.423133434823961,0.8931703168149339,2.880676006197495,2.265375575595576,-14.895739490934819,-36.43120644997412,6.34297183310299,12.62063849066815,3.370651610165005,-26.987860719675783,3.1199446607792622,-153.41649145547476
2025-06-20 05:00:00,223.87484751491067,5.504722712960852,0.9606508557787303,2.8827248498146076,2.288057602961696,-16.011354202423956,-37.41665980862365,6.595194514352317,15.78180314837027,3.3975485209113385,-28.233731976522478,2.567442944182113,-160.51701934690396
2025-06-20 06:00:00,223.87577445667196,5.49672124223631,1.0335540685958746,2.884753268232149,2.2932333675955756,-16.430854644018396,-37.70993513934956,6.6536887106420535,17.869306835479726,3.3874621793814637,-29.202742954069908,1.8768157984356775,-162.16572728657243
2025-06-20 07:00:00,223.87670139843326,4.729946234228959,1.111862247463314,2.8867608411779218,2.2942989661966684,-16.69281343505772,-37.830898289860485,6.692863722836098,20.447626966288688,3.38073795169488,-30.171753931617335,2.2911920858835386,-162.4497484022296
2025-06-20 08:00:00,223.87762834019452,2.546892119790573,1.1954684046972686,2.888747148283714,2.2959734782841004,-16.755097343416715,-37.93170091528625,6.722379142982295,21.91854249600064,3.3605652686351286,-30.587044350566238,3.948697235674984,-162.92773515784776
2025-06-20 09:00:00,223.87855528195584,-0.9822800665752818,1.2841757550223452,2.8907117691135746,2.2968868485136085,-16.7221235095796,-38.01768469321354,6.749211343115204,22.440034967431366,3.323582016358919,-30.310184071266963,4.224948093973559,-163.94605476764298
2025-06-20 10:00:00,223.87948222371713,-4.836073158411684,1.3776983382738284,2.8926542831848074,2.2962779350272693,-16.167063973321458,-37.817457939803724,6.70681646690521,21.022802486249045,2.7049530691932238,-29.202742954069908,4.639324381421419,-163.46114066774047
2025-06-20 11:00:00,223.88040916547843,-7.62364537525111,1.4756627810241438,2.8945742699953043,2.2982569038578706,-15.318903691844492,-37.360658350053775,6.622026714485223,18.120850262875727,1.7064052577355533,-25.60355932317946,8.921212685049321,-161.50762957956192
2025-06-20 12:00:00,223.88133610723972,-8.542348745161993,1.5776111812388396,2.896471309043508,2.300235872688472,-14.80231362839632,-36.87267025568492,6.550653062131691,15.530259720974275,0.8372988292446175,-22.83495653018681,8.783087255900034,-159.22160596573593
2025-06-20 13:00:00,223.88226304900098,-7.8950780909399105,1.6830050861034496,2.8983449798547722,2.3003881010600566,-14.587983708455058,-36.55716665371128,6.527577370017391,13.240294250838772,0.1766434590377748,-21.450655133690482,10.302466976542192,-157.475915206087
2025-06-20 14:00:00,223.88318999076228,-6.717959631740496,1.7912305194302234,2.9001948620048013,2.3003881010600566,-14.428610178242321,-36.28405184807052,6.5248941500041004,11.579187349193266,-0.28732825133649603,-21.727515412989746,8.092460110153597,-155.65402365931052
2025-06-20 15:00:00,223.88411693252357,-5.86221661416907,1.9016040017728293,2.9020205351410895,2.3003881010600566,-14.300378602209088,-36.130004758958314,6.544749978102452,10.19263089574216,-0.5478920741916122,-21.173794854391215,6.849331247810015,-154.22006339245604
2025-06-20 16:00:00,223.88504387428486,-5.3516374592310925,2.0133794937754392,2.903821579014972,2.3003881010600566,-14.318697398785263,-36.21616084906581,6.592511294339025,8.925710950442816,-0.584875326467822,-20.48164415614305,9.611839830795756,-153.79749539111245
2025-06-20 17:00:00,223.88597081604615,-4.552844451484075,2.1257561818476693,2.9055975734956974,2.3003881010600566,-14.476239049340382,-36.3343670046933,6.635979458554336,8.09439059892678,-0.6151343510574484,-20.066353737194156,11.683721268035063,-152.63370155134646
2025-06-20 18:00:00,223.88689775780745,-2.9298288482502035,2.237887014352598,2.9073480986016076,2.3003881010600566,-14.692400848939261,-36.45601940392508,6.644029118594207,7.714007855059663,-0.5092277649937562,-19.651063318245257,12.098097555482926,-150.75639125029545
2025-06-20 19:00:00,223.8878246995687,-0.6378835676419242,2.3488878867712537,2.9090727345207914,2.3003881010600566,-14.846278740179143,-36.54217549403258,6.656371930655345,7.197116787788622,-0.4487097158145035,-18.26676192174893,10.993094122288628,-148.81673485068552
2025-06-20 20:00:00,223.88875164133,1.5821419584540963,2.4578473664654035,2.91077106163605,2.3003881010600566,-14.879252574016261,-36.47600761683002,6.726672295003561,6.01608972013669,-0.8303096370281251,-17.851471502800035,9.335588972497183,-146.99484330390908
2025-06-20 21:00:00,223.8896785830913,3.0522273517378125,2.563836840182276,2.912442660550202,2.3003881010600566,-14.807809267369171,-36.360558456085975,6.7851664912933,4.693952924921151,-1.2572980951261867,-16.74403038560297,9.335588972497183,-144.93742205146563
2025-06-20 22:00:00,223.8906055248526,3.69434006310029,2.665920962057156,2.914087112106658,2.2981046754862864,-14.637444459210728,-36.22667189205893,6.805558963394309,3.5052568503364125,-1.4539817549587575,-15.636589268405912,8.921212685049321,-142.90771017615955
2025-06-20 23:00:00,223.89153246661388,3.967892334141971,2.7631682760120966,2.915703997420213,2.275118191376997,-14.674082052363085,-35.9895703320831,6.722915786984954,3.1831585591586125,-1.2841950058725207,-16.74403038560297,8.230585539302886,-140.0813537081565
2025-06-21 00:00:00,223.89245940837515,4.34181869131312,2.8546618837677444,2.91729289789442,2.2460425724043196,-14.708887765857819,-35.67527291537096,6.49269550984461,4.157122439624818,-0.8050937832034366,-19.51263317859562,7.263707535257876,-134.69880719923898
2025-06-21 01:00:00,223.89338635013644,4.873252544258115,2.9395100287472893,2.9188533952487874,2.2398012091693467,-14.619125662634556,-35.403364294991704,5.9882501473459575,7.098953499048721,0.07073687297408265,-22.97338666983644,6.987456676959301,-126.46219484518109
2025-06-21 02:00:00,223.89431329189773,5.2928003330577,3.0168564672132274,2.9203850715453425,2.2448247454316417,-14.584319949139822,-35.22967361733499,5.609916125471966,10.411964494020378,0.5078116726020194,-26.295710021427624,4.363073523122846,-123.7743852628645
2025-06-21 03:00:00,223.89524023365902,5.4259069888063625,3.085890499943481,2.9218875092062575,2.2460425724043196,-14.31503363947003,-34.96482979634455,5.129619743092929,13.631413604411817,0.6557446817068595,-28.095301836872842,3.1199446607792622,-126.47604953374972
2025-06-21 04:00:00,223.89616717542032,5.423133434836322,3.1458565417773072,2.9233602910466816,2.2789239006666144,-15.972884729613986,-37.341359385869694,6.049964207651643,17.562546558167536,2.629305507719158,-29.756463512668436,2.0149412275849645,-154.3031915238679
2025-06-21 05:00:00,223.8970941171816,5.504722712956373,3.1960631118892002,2.924803000289384,2.2909499420218054,-16.65800772156298,-38.30165516620784,6.543140046094477,18.196006530817208,3.173967950332433,-30.863904629865498,2.8436938024806873,-164.15387509617258
2025-06-21 06:00:00,223.89802105894287,5.496721242239636,3.235891134379107,2.926215220600883,2.2941467378250837,-16.830204409379036,-38.54633846211312,6.668714742716483,19.094814143341925,3.296685105612584,-31.69448546776329,4.086822664824272,-166.01733070865498
2025-06-21 07:00:00,223.8989480007042,4.729946234215511,3.264801447009887,2.9275965361026928,2.295364564797761,-16.886992678765186,-38.66109837413631,6.733112023035459,19.944540111496693,3.318538845593981,-32.52506630566109,3.8105718065256977,-166.84861202277352
2025-06-21 08:00:00,223.8998749424655,2.5468921199062464,3.2823414256224286,2.928946531405495,2.2961257066556846,-16.879665160134717,-38.71399821346231,6.766383951200265,20.366335492800957,3.300047219455876,-33.21721700390925,2.9818192316299736,-167.4859276969311
2025-06-21 09:00:00,223.90080188422678,-0.9822800664216081,3.2881506422193247,2.930264791628573,2.296582391770439,-16.8155493721181,-38.69073606913329,6.7851664912933,20.67616337288627,3.2496155118064984,-33.632507422858154,-0.609441926251491,-168.12324337108865
2025-06-21 10:00:00,223.90172882598804,-4.836073158477161,3.281965486518901,2.931550902425761,2.2964301633988544,-16.438182162648864,-38.38746663195491,6.74169832707799,20.107123058472155,2.77219534605906,-30.863904629865498,0.3574360777935189,-168.11631602680433
2025-06-21 11:00:00,223.90265576774934,-7.623645375176788,3.2636226933591126,2.9328044500076675,2.2984091322294553,-15.90693706193975,-37.818319500704796,6.662811658687242,19.297275926367973,2.0611082682028403,-27.403151138624683,6.711205818660726,-167.43743628694082
2025-06-21 12:00:00,223.90358270951063,-8.542348745162096,3.233061731558333,2.934025021170279,2.300235872688472,-15.64497827090043,-37.14268344208181,6.588754786320419,19.470595483049358,1.528213224041087,-25.74198946282909,9.611839830795756,-166.90403077704812
2025-06-21 13:00:00,223.90450965127192,-7.8950780909830565,3.190326023769183,2.9352122033156616,2.3003881010600566,-15.586358121856668,-36.57836105187772,6.556556146160931,19.303411131914217,1.0356635459988355,-24.357688066332766,10.716843263990052,-166.98023156417563
2025-06-21 14:00:00,223.90543659303322,-6.7179596317150025,3.1355629810238086,2.9363655844743732,2.3003881010600566,-15.423320832328697,-36.13913730450972,6.537236962065237,18.079437625438576,0.36155972041882517,-23.111816809486072,11.407470409736488,-166.37755261143968
2025-06-21 15:00:00,223.9063635347945,-5.862216614193058,3.0690228501688024,2.9374847533355775,2.3003881010600566,-15.240132866566935,-35.950110842813864,6.537236962065237,16.13457746727929,-0.2570692267468697,-22.696526390537173,10.993094122288628,-165.57398067445845
2025-06-21 16:00:00,223.90729047655577,-5.3516374592518074,2.991056386789306,2.938569299267546,2.3003881010600566,-15.143043244713198,-36.11621978454112,6.573728754245991,13.718840283445791,-0.6537986602553044,-22.281235971588277,10.02621611824362,-165.22068611595805
2025-06-21 17:00:00,223.90821741831707,-4.55284445147863,2.9021113806762218,2.939618812340997,2.3003881010600566,-15.168689559919846,-36.312655669986206,6.583924990296495,12.083808005371814,-0.868973946225981,-21.589085273340114,9.47371440164647,-164.8812462460263
2025-06-21 18:00:00,223.90914436007836,-2.929828848224024,2.8027280746561476,2.9406328833570106,2.3003881010600566,-15.210822792045052,-36.52804589525495,6.559776010176879,10.80308384759342,-0.9816047599762573,-20.620074295792683,9.05933811419861,-164.29934932614333
2025-06-21 19:00:00,223.91007130183968,-0.63788356773589,2.6935335313475157,2.9416111038662938,2.3003881010600566,-15.203495273414578,-36.777726244386464,6.53079723403334,9.405790784436395,-1.0673386629801984,-19.78949345789489,8.921212685049321,-163.61354224199556
2025-06-21 20:00:00,223.91099824360094,1.5821419584495917,2.5752350149718444,2.9425530661971724,2.3003881010600566,-15.163193920946995,-36.98226080230166,6.550653062131691,7.799900732707077,-1.3632046811898781,-18.958912619997093,8.783087255900034,-163.66203365198578
2025-06-21 21:00:00,223.91192518536224,3.0522273517681686,2.448612467568388,2.9434583634806866,2.3003881010600566,-15.122892568479406,-37.15043749019149,6.584461634299154,6.448621711146879,-1.6489843578696834,-18.1283317820993,9.197463543347896,-163.6551063077015
2025-06-21 22:00:00,223.91285212712353,3.694340063086185,2.3145101698356028,2.944326589670493,2.2984091322294553,-14.998324751761404,-37.243141443147145,6.567289026214093,5.394900158579506,-1.73639931779527,-17.57461122350077,10.302466976542192,-163.2117562735049
2025-06-21 23:00:00,223.91377906888482,3.967892334143249,2.1738276866157142,2.945157339569561,2.279228357409784,-14.998324751761404,-37.16939183001514,6.444397549605379,4.940894948157463,-1.472473381096862,-18.1283317820993,10.716843263990052,-162.07567181087623
2025-06-22 00:00:00,223.9147060106461,4.341818691309039,2.027510205935913,2.9459502088546845,2.252892849125631,-14.952527760320963,-37.02999127622121,6.214713916467694,5.315142486478336,-1.0925545168048867,-20.066353737194156,10.578717834840766,-160.3923271497862
2025-06-22 01:00:00,223.9156329524074,4.873252544253018,1.8765383877681576,2.946704794101259,2.2419324063715322,-14.91772204682623,-36.9515892342234,5.976980623290136,6.749246782912826,-0.8588876046961058,-24.080827787033503,11.131219551437916,-158.83367468581395
2025-06-22 02:00:00,223.91655989416867,5.29280033305481,1.7219178442665726,2.9474206928031084,2.2484782263496745,-15.121060688821787,-36.9515892342234,5.974834047279504,8.661897111954334,-0.7512999617107675,-27.818441557573585,9.749965259945045,-157.64217146891068
2025-06-22 03:00:00,223.91748683592996,5.42590698879703,1.5646683779567283,2.948097503401877,2.2659844890819145,-15.48926850000293,-37.01120924857778,5.995226519380513,12.378297871591517,-0.4907361388556513,-31.556055328113658,8.921212685049321,-151.19281394020769
2025-06-22 04:00:00,223.91841377769126,5.423133434848684,1.4058131071012063,2.9487348253088443,2.2938422810819143,-16.890656438080423,-39.01261522177488,6.85976000766278,15.166748792359328,2.896593558260858,-34.87837867970484,6.2968295312128655,-171.73931708750428
2025-06-22 05:00:00,223.91934071945255,5.504722712972005,1.2463676084555255,2.949332258927992,2.296734620142024,-17.101322598706446,-39.4035915586827,7.108762824896159,14.01026254689237,3.4816013669936345,-36.95483077444933,4.363073523122846,-176.79627841505877
2025-06-22 06:00:00,223.92026766121384,5.496721242242963,1.0873292073169047,2.949889405680938,2.297039076885193,-17.121473274940243,-39.45545752492742,7.145254617076913,14.10229063008603,3.574059497684159,-38.0622718916464,3.6724463773764104,-177.1772823506964
2025-06-22 07:00:00,223.9211946029751,4.729946234189222,0.9296665431448324,2.9504058680316954,2.297191305256778,-17.104986358021684,-39.43409081458075,7.146327905082228,14.596174676558654,3.5706973838408675,-38.0622718916464,4.086822664824272,-176.78935107077442
2025-06-22 08:00:00,223.9221215447364,2.5468921198937413,0.774309534716698,2.9508812495115384,2.297495761999947,-17.073844403842184,-39.42685370301172,7.138278245042357,14.872258926139628,3.557248928467701,-38.33913217094565,5.191826098018569,-176.45683854512703
2025-06-22 09:00:00,223.9230484864977,-0.9822800664997872,0.6221398642614071,2.9513151547374945,2.2978002187431166,-17.0133923751408,-39.402213061240985,7.125398788978561,15.059382695300062,3.523627790034782,-35.70895951760263,10.164341547392906,-176.19359946232282
2025-06-22 10:00:00,223.92397542825898,-4.836073158512815,0.47398209340368697,2.951707189441596,2.2962779350272693,-16.573741257312573,-39.21215272646384,7.043292256571866,14.145237068909735,2.943663152066943,-32.66349644531073,13.75560270527437,-174.90511342543905
2025-06-22 11:00:00,223.92490237002028,-7.623645375204736,0.33059551525866115,2.9520569604947995,2.2973435336283625,-15.817174958716487,-38.845989343506986,6.904838103886064,12.470325954785178,1.8930025760382492,-32.80192658496035,10.85496869313934,-172.1341757117106
2025-06-22 12:00:00,223.92582931178157,-8.542348745150056,0.1926668384021607,2.952364075929048,2.300235872688472,-15.304248654583551,-38.46776410793509,6.765310663194947,11.31537351070478,0.9734644398979365,-31.279195048814405,12.926850130378648,-168.91988796378558
2025-06-22 13:00:00,223.92675625354283,-7.895078090951214,0.06080378773844996,2.9526281449573877,2.3003881010600566,-15.110069410876081,-38.172248718866385,6.655835286652686,10.438039117591916,0.28591215894475935,-30.863904629865498,14.30810442187152,-166.211296348616
2025-06-22 14:00:00,223.92768319530413,-6.717959631758027,-0.06447030433294412,2.952848778007477,2.3003881010600566,-14.99649287210379,-37.898789288865196,6.579095194272572,9.752429897799171,-0.2116806898624302,-29.618033373018804,13.89372813442366,-164.09152899761372
2025-06-22 15:00:00,223.92861013706545,-5.862216614173369,-0.18272085513548947,2.953025586735648,2.3003881010600566,-14.98183783484285,-37.73871127344546,6.535090386054605,9.296890885990566,-0.4924171957772969,-28.372162116172113,14.860606138468667,-162.76147889502406
2025-06-22 16:00:00,223.9295370788267,-5.351637459255119,-0.2936052890850651,2.9531581840554626,2.3003881010600566,-14.86459753675532,-37.632394658252814,6.560312654179537,7.893462617287295,-1.0774250045100744,-27.126290859325422,15.965609571662966,-161.9371249251898
2025-06-22 17:00:00,223.930464020588,-4.552844451524428,-0.39687516097176306,2.9532461841596227,2.3003881010600566,-14.580656189824587,-37.38099118731914,6.608073970416112,5.828965950976255,-1.9599798883741772,-25.32669904388019,18.17561643805156,-160.42696387120782
2025-06-22 18:00:00,223.9313909623493,-2.929828848304255,-0.492377124714549,2.9532892025465936,2.3003881010600566,-14.300378602209088,-37.050324113486575,6.633832882543703,3.988404287103112,-2.6391268847191247,-23.942397647383867,19.280619871245854,-158.35568793019576
2025-06-22 19:00:00,223.9323179041106,-0.637883567693286,-0.5800527412762838,2.953286856038974,2.3003881010600566,-13.979799662126002,-36.67537280933876,6.656371930655345,2.3272973854576016,-3.13840079044796,-22.281235971588277,21.07625045018659,-156.1805018249189
2025-06-22 20:00:00,223.93324484587188,1.582141958374493,-0.6599371344150353,2.9532387628103947,2.300235872688472,-13.688530796564798,-36.330576136728574,6.677301046759013,1.1769463455368878,-3.5990103869789403,-20.34321401649342,22.45750474167946,-153.9221875882302
2025-06-22 21:00:00,223.93417178763318,3.0522273517285683,-0.7321565165020563,2.953144542411416,2.2999314159453026,-13.485192154569239,-36.05901214070974,6.702523314883945,0.38703863145799716,-4.002464048173958,-18.820482480347465,22.733755599978032,-151.84398430293388
2025-06-22 22:00:00,223.93509872939447,3.6943400630697316,-0.7969246208715771,2.953003815787158,2.292624454109237,-13.46137771902021,-35.86481631360745,6.721842498979639,-0.21421151207389572,-3.9234543728566003,-18.68205234069783,22.59563017082875,-150.28533183896158
2025-06-22 23:00:00,223.93602567115573,3.9678923341445254,-0.8545380906364531,2.9528162053048415,2.2321897905901116,-13.935834550343177,-35.310315717675614,6.642955830588891,-0.2157453134604569,-3.372067702556741,-19.92792359754452,22.043128454231596,-147.67372304377253
2025-06-23 00:00:00,223.93695261291703,4.341818691290156,-0.9053708865978378,2.952581334774159,2.158206801999948,-14.124518155077796,-34.579195137023405,6.453520497650567,0.242861301121268,-2.674429080073689,-21.727515412989746,21.766877595933025,-144.6464735915242
