run_id,family,regime,feature_set,clip_inputs,seed,window,forecast_origin,target_timestamp,lead_hour,original_target,observed,eligible,base_prediction,applied_bias,corrected_prediction,fit_seconds,forecast_seconds,state_update_seconds
core_sarimax_frozen_s42,sarimax,frozen,selected,False,42,21,2025-06-02 01:00:00,2025-06-02 01:00:00,1,151.6,True,True,121.16327682170947,0.0,121.16327682170947,0.0,0.0068072980029683094,0.011851890001707943
core_sarimax_frozen_s42,sarimax,frozen,selected,False,42,21,2025-06-02 01:00:00,2025-06-02 02:00:00,2,178.26,True,True,122.1516038869413,0.0,122.1516038869413,0.0,0.0068072980029683094,0.011851890001707943
core_sarimax_frozen_s42,sarimax,frozen,selected,False,42,21,2025-06-02 01:00:00,2025-06-02 03:00:00,3,202.42,True,True,125.21813781791022,0.0,125.21813781791022,0.0,0.0068072980029683094,0.011851890001707943
core_sarimax_frozen_s42,sarimax,frozen,selected,False,42,21,2025-06-02 01:00:00,2025-06-02 04:00:00,4,111.52,True,True,105.60010633377544,0.0,105.60010633377544,0.0,0.0068072980029683094,0.011851890001707943
core_sarimax_frozen_s42,sarimax,frozen,selected,False,42,21,2025-06-02 01:00:00,2025-06-02 05:00:00,5,52.03,True,True,93.20177262334391,0.0,93.20177262334391,0.0,0.0068072980029683094,0.011851890001707943
core_sarimax_frozen_s42,sarimax,frozen,selected,False,42,21,2025-06-02 01:00:00,2025-06-02 06:00:00,6,36.71,True,True,86.77627346576602,0.0,86.77627346576602,0.0,0.0068072980029683094,0.011851890001707943
core_sarimax_frozen_s42,sarimax,frozen,selected,False,42,21,2025-06-02 01:00:00,2025-06-02 07:00:00,7,0.0,True,True,80.33146052286435,0.0,80.33146052286435,0.0,0.0068072980029683094,0.011851890001707943
core_sarimax_frozen_s42,sarimax,frozen,selected,False,42,21,2025-06-02 01:00:00,2025-06-02 08:00:00,8,22.27,True,True,74.6867633513084,0.0,74.6867633513084,0.0,0.0068072980029683094,0.011851890001707943
core_sarimax_frozen_s42,sarimax,frozen,selected,False,42,21,2025-06-02 01:00:00,2025-06-02 09:00:00,9,17.89,True,True,69.83337400128522,0.0,69.83337400128522,0.0,0.0068072980029683094,0.011851890001707943
core_sarimax_frozen_s42,sarimax,frozen,selected,False,42,21,2025-06-02 01:00:00,2025-06-02 10:00:00,10,15.41,True,True,66.75326436607597,0.0,66.75326436607597,0.0,0.0068072980029683094,0.011851890001707943
core_sarimax_frozen_s42,sarimax,frozen,selected,False,42,21,2025-06-02 01:00:00,2025-06-02 11:00:00,11,14.09,True,True,65.61996333816504,0.0,65.61996333816504,0.0,0.0068072980029683094,0.011851890001707943
core_sarimax_frozen_s42,sarimax,frozen,selected,False,42,21,2025-06-02 01:00:00,2025-06-02 12:00:00,12,12.35,True,True,64.95988901513999,0.0,64.95988901513999,0.0,0.0068072980029683094,0.011851890001707943
core_sarimax_frozen_s42,sarimax,frozen,selected,False,42,21,2025-06-02 01:00:00,2025-06-02 13:00:00,13,10.6,True,True,64.46224961081052,0.0,64.46224961081052,0.0,0.0068072980029683094,0.011851890001707943
core_sarimax_frozen_s42,sarimax,frozen,selected,False,42,21,2025-06-02 01:00:00,2025-06-02 14:00:00,14,9.83,True,True,65.89763022135418,0.0,65.89763022135418,0.0,0.0068072980029683094,0.011851890001707943
core_sarimax_frozen_s42,sarimax,frozen,selected,False,42,21,2025-06-02 01:00:00,2025-06-02 15:00:00,15,9.13,True,True,67.66444503358534,0.0,67.66444503358534,0.0,0.0068072980029683094,0.011851890001707943
core_sarimax_frozen_s42,sarimax,frozen,selected,False,42,21,2025-06-02 01:00:00,2025-06-02 16:00:00,16,8.18,True,True,67.8887217004951,0.0,67.8887217004951,0.0,0.0068072980029683094,0.011851890001707943
core_sarimax_frozen_s42,sarimax,frozen,selected,False,42,21,2025-06-02 01:00:00,2025-06-02 17:00:00,17,7.99,True,True,68.0453495061432,0.0,68.0453495061432,0.0,0.0068072980029683094,0.011851890001707943
core_sarimax_frozen_s42,sarimax,frozen,selected,False,42,21,2025-06-02 01:00:00,2025-06-02 18:00:00,18,8.24,True,True,68.51201417847906,0.0,68.51201417847906,0.0,0.0068072980029683094,0.011851890001707943
core_sarimax_frozen_s42,sarimax,frozen,selected,False,42,21,2025-06-02 01:00:00,2025-06-02 19:00:00,19,8.39,True,True,68.28043275723624,0.0,68.28043275723624,0.0,0.0068072980029683094,0.011851890001707943
core_sarimax_frozen_s42,sarimax,frozen,selected,False,42,21,2025-06-02 01:00:00,2025-06-02 20:00:00,20,8.28,True,True,68.63026038941555,0.0,68.63026038941555,0.0,0.0068072980029683094,0.011851890001707943
core_sarimax_frozen_s42,sarimax,frozen,selected,False,42,21,2025-06-02 01:00:00,2025-06-02 21:00:00,21,8.13,True,True,68.11975771612174,0.0,68.11975771612174,0.0,0.0068072980029683094,0.011851890001707943
core_sarimax_frozen_s42,sarimax,frozen,selected,False,42,21,2025-06-02 01:00:00,2025-06-02 22:00:00,22,8.39,True,True,65.97214592866803,0.0,65.97214592866803,0.0,0.0068072980029683094,0.011851890001707943
core_sarimax_frozen_s42,sarimax,frozen,selected,False,42,21,2025-06-02 01:00:00,2025-06-02 23:00:00,23,9.32,True,True,64.30237591782259,0.0,64.30237591782259,0.0,0.0068072980029683094,0.011851890001707943
core_sarimax_frozen_s42,sarimax,frozen,selected,False,42,21,2025-06-02 01:00:00,2025-06-03 00:00:00,24,10.74,True,True,63.80985520309545,0.0,63.80985520309545,0.0,0.0068072980029683094,0.011851890001707943
core_sarimax_frozen_s42,sarimax,frozen,selected,False,42,21,2025-06-02 01:00:00,2025-06-03 01:00:00,25,12.42,True,True,65.39221791718845,0.0,65.39221791718845,0.0,0.0068072980029683094,0.011851890001707943
core_sarimax_frozen_s42,sarimax,frozen,selected,False,42,21,2025-06-02 01:00:00,2025-06-03 02:00:00,26,13.46,True,True,65.4879050342152,0.0,65.4879050342152,0.0,0.0068072980029683094,0.011851890001707943
core_sarimax_frozen_s42,sarimax,frozen,selected,False,42,21,2025-06-02 01:00:00,2025-06-03 03:00:00,27,14.42,True,True,68.31767924365997,0.0,68.31767924365997,0.0,0.0068072980029683094,0.011851890001707943
core_sarimax_frozen_s42,sarimax,frozen,selected,False,42,21,2025-06-02 01:00:00,2025-06-03 04:00:00,28,12.8,True,True,61.41843438370719,0.0,61.41843438370719,0.0,0.0068072980029683094,0.011851890001707943
core_sarimax_frozen_s42,sarimax,frozen,selected,False,42,21,2025-06-02 01:00:00,2025-06-03 05:00:00,29,12.03,True,True,57.832167334060756,0.0,57.832167334060756,0.0,0.0068072980029683094,0.011851890001707943
core_sarimax_frozen_s42,sarimax,frozen,selected,False,42,21,2025-06-02 01:00:00,2025-06-03 06:00:00,30,11.27,True,True,55.80994994563159,0.0,55.80994994563159,0.0,0.0068072980029683094,0.011851890001707943
core_sarimax_frozen_s42,sarimax,frozen,selected,False,42,21,2025-06-02 01:00:00,2025-06-03 07:00:00,31,10.46,True,True,52.591385813815066,0.0,52.591385813815066,0.0,0.0068072980029683094,0.011851890001707943
core_sarimax_frozen_s42,sarimax,frozen,selected,False,42,21,2025-06-02 01:00:00,2025-06-03 08:00:00,32,9.58,True,True,49.371753835763286,0.0,49.371753835763286,0.0,0.0068072980029683094,0.011851890001707943
core_sarimax_frozen_s42,sarimax,frozen,selected,False,42,21,2025-06-02 01:00:00,2025-06-03 09:00:00,33,8.34,True,True,46.257619544012414,0.0,46.257619544012414,0.0,0.0068072980029683094,0.011851890001707943
core_sarimax_frozen_s42,sarimax,frozen,selected,False,42,21,2025-06-02 01:00:00,2025-06-03 10:00:00,34,7.77,True,True,44.55894873737887,0.0,44.55894873737887,0.0,0.0068072980029683094,0.011851890001707943
core_sarimax_frozen_s42,sarimax,frozen,selected,False,42,21,2025-06-02 01:00:00,2025-06-03 11:00:00,35,7.91,True,True,44.75865776708832,0.0,44.75865776708832,0.0,0.0068072980029683094,0.011851890001707943
core_sarimax_frozen_s42,sarimax,frozen,selected,False,42,21,2025-06-02 01:00:00,2025-06-03 12:00:00,36,8.07,True,True,45.668439789368364,0.0,45.668439789368364,0.0,0.0068072980029683094,0.011851890001707943
core_sarimax_frozen_s42,sarimax,frozen,selected,False,42,21,2025-06-02 01:00:00,2025-06-03 13:00:00,37,8.04,True,True,46.54042640215809,0.0,46.54042640215809,0.0,0.0068072980029683094,0.011851890001707943
core_sarimax_frozen_s42,sarimax,frozen,selected,False,42,21,2025-06-02 01:00:00,2025-06-03 14:00:00,38,8.34,True,True,48.968014903644786,0.0,48.968014903644786,0.0,0.0068072980029683094,0.011851890001707943
core_sarimax_frozen_s42,sarimax,frozen,selected,False,42,21,2025-06-02 01:00:00,2025-06-03 15:00:00,39,8.61,True,True,51.99607237380644,0.0,51.99607237380644,0.0,0.0068072980029683094,0.011851890001707943
core_sarimax_frozen_s42,sarimax,frozen,selected,False,42,21,2025-06-02 01:00:00,2025-06-03 16:00:00,40,8.84,True,True,54.0910033624329,0.0,54.0910033624329,0.0,0.0068072980029683094,0.011851890001707943
core_sarimax_frozen_s42,sarimax,frozen,selected,False,42,21,2025-06-02 01:00:00,2025-06-03 17:00:00,41,9.51,True,True,55.97536952295121,0.0,55.97536952295121,0.0,0.0068072980029683094,0.011851890001707943
core_sarimax_frozen_s42,sarimax,frozen,selected,False,42,21,2025-06-02 01:00:00,2025-06-03 18:00:00,42,10.41,True,True,57.66140609017526,0.0,57.66140609017526,0.0,0.0068072980029683094,0.011851890001707943
core_sarimax_frozen_s42,sarimax,frozen,selected,False,42,21,2025-06-02 01:00:00,2025-06-03 19:00:00,43,11.41,True,True,58.511745496045904,0.0,58.511745496045904,0.0,0.0068072980029683094,0.011851890001707943
core_sarimax_frozen_s42,sarimax,frozen,selected,False,42,21,2025-06-02 01:00:00,2025-06-03 20:00:00,44,12.47,True,True,60.253963409880186,0.0,60.253963409880186,0.0,0.0068072980029683094,0.011851890001707943
core_sarimax_frozen_s42,sarimax,frozen,selected,False,42,21,2025-06-02 01:00:00,2025-06-03 21:00:00,45,13.51,True,True,61.4429682191967,0.0,61.4429682191967,0.0,0.0068072980029683094,0.011851890001707943
core_sarimax_frozen_s42,sarimax,frozen,selected,False,42,21,2025-06-02 01:00:00,2025-06-03 22:00:00,46,14.0,True,True,60.499952645333536,0.0,60.499952645333536,0.0,0.0068072980029683094,0.011851890001707943
core_sarimax_frozen_s42,sarimax,frozen,selected,False,42,21,2025-06-02 01:00:00,2025-06-03 23:00:00,47,14.24,True,True,58.76145614754219,0.0,58.76145614754219,0.0,0.0068072980029683094,0.011851890001707943
core_sarimax_frozen_s42,sarimax,frozen,selected,False,42,21,2025-06-02 01:00:00,2025-06-04 00:00:00,48,14.68,True,True,58.31430604069794,0.0,58.31430604069794,0.0,0.0068072980029683094,0.011851890001707943
core_sarimax_frozen_s42,sarimax,frozen,selected,False,42,21,2025-06-02 01:00:00,2025-06-04 01:00:00,49,15.19,True,True,59.71240315605533,0.0,59.71240315605533,0.0,0.0068072980029683094,0.011851890001707943
core_sarimax_frozen_s42,sarimax,frozen,selected,False,42,21,2025-06-02 01:00:00,2025-06-04 02:00:00,50,16.09,True,True,59.83159933010586,0.0,59.83159933010586,0.0,0.0068072980029683094,0.011851890001707943
core_sarimax_frozen_s42,sarimax,frozen,selected,False,42,21,2025-06-02 01:00:00,2025-06-04 03:00:00,51,19.43,True,True,62.960500367247334,0.0,62.960500367247334,0.0,0.0068072980029683094,0.011851890001707943
core_sarimax_frozen_s42,sarimax,frozen,selected,False,42,21,2025-06-02 01:00:00,2025-06-04 04:00:00,52,11.29,True,True,51.288385935510746,0.0,51.288385935510746,0.0,0.0068072980029683094,0.011851890001707943
core_sarimax_frozen_s42,sarimax,frozen,selected,False,42,21,2025-06-02 01:00:00,2025-06-04 05:00:00,53,11.63,True,True,47.01351922693314,0.0,47.01351922693314,0.0,0.0068072980029683094,0.011851890001707943
core_sarimax_frozen_s42,sarimax,frozen,selected,False,42,21,2025-06-02 01:00:00,2025-06-04 06:00:00,54,12.87,True,True,45.52010152031198,0.0,45.52010152031198,0.0,0.0068072980029683094,0.011851890001707943
core_sarimax_frozen_s42,sarimax,frozen,selected,False,42,21,2025-06-02 01:00:00,2025-06-04 07:00:00,55,13.31,True,True,43.0092726120796,0.0,43.0092726120796,0.0,0.0068072980029683094,0.011851890001707943
core_sarimax_frozen_s42,sarimax,frozen,selected,False,42,21,2025-06-02 01:00:00,2025-06-04 08:00:00,56,13.35,True,True,40.55829075185676,0.0,40.55829075185676,0.0,0.0068072980029683094,0.011851890001707943
core_sarimax_frozen_s42,sarimax,frozen,selected,False,42,21,2025-06-02 01:00:00,2025-06-04 09:00:00,57,13.17,True,True,38.29854199293152,0.0,38.29854199293152,0.0,0.0068072980029683094,0.011851890001707943
core_sarimax_frozen_s42,sarimax,frozen,selected,False,42,21,2025-06-02 01:00:00,2025-06-04 10:00:00,58,14.46,True,True,37.52737838954786,0.0,37.52737838954786,0.0,0.0068072980029683094,0.011851890001707943
core_sarimax_frozen_s42,sarimax,frozen,selected,False,42,21,2025-06-02 01:00:00,2025-06-04 11:00:00,59,17.07,True,True,38.451203249882326,0.0,38.451203249882326,0.0,0.0068072980029683094,0.011851890001707943
core_sarimax_frozen_s42,sarimax,frozen,selected,False,42,21,2025-06-02 01:00:00,2025-06-04 12:00:00,60,19.94,True,True,39.654863000043264,0.0,39.654863000043264,0.0,0.0068072980029683094,0.011851890001707943
core_sarimax_frozen_s42,sarimax,frozen,selected,False,42,21,2025-06-02 01:00:00,2025-06-04 13:00:00,61,22.86,True,True,40.16326284841591,0.0,40.16326284841591,0.0,0.0068072980029683094,0.011851890001707943
core_sarimax_frozen_s42,sarimax,frozen,selected,False,42,21,2025-06-02 01:00:00,2025-06-04 14:00:00,62,26.36,True,True,41.492656421128885,0.0,41.492656421128885,0.0,0.0068072980029683094,0.011851890001707943
core_sarimax_frozen_s42,sarimax,frozen,selected,False,42,21,2025-06-02 01:00:00,2025-06-04 15:00:00,63,29.44,True,True,43.2006622566405,0.0,43.2006622566405,0.0,0.0068072980029683094,0.011851890001707943
core_sarimax_frozen_s42,sarimax,frozen,selected,False,42,21,2025-06-02 01:00:00,2025-06-04 16:00:00,64,30.85,True,True,43.622745294360215,0.0,43.622745294360215,0.0,0.0068072980029683094,0.011851890001707943
core_sarimax_frozen_s42,sarimax,frozen,selected,False,42,21,2025-06-02 01:00:00,2025-06-04 17:00:00,65,31.64,True,True,44.51943854972805,0.0,44.51943854972805,0.0,0.0068072980029683094,0.011851890001707943
core_sarimax_frozen_s42,sarimax,frozen,selected,False,42,21,2025-06-02 01:00:00,2025-06-04 18:00:00,66,34.21,True,True,45.94975624222076,0.0,45.94975624222076,0.0,0.0068072980029683094,0.011851890001707943
core_sarimax_frozen_s42,sarimax,frozen,selected,False,42,21,2025-06-02 01:00:00,2025-06-04 19:00:00,67,38.51,True,True,47.19263903132142,0.0,47.19263903132142,0.0,0.0068072980029683094,0.011851890001707943
core_sarimax_frozen_s42,sarimax,frozen,selected,False,42,21,2025-06-02 01:00:00,2025-06-04 20:00:00,68,43.42,True,True,49.292714746615275,0.0,49.292714746615275,0.0,0.0068072980029683094,0.011851890001707943
core_sarimax_frozen_s42,sarimax,frozen,selected,False,42,21,2025-06-02 01:00:00,2025-06-04 21:00:00,69,48.58,True,True,50.77887666875492,0.0,50.77887666875492,0.0,0.0068072980029683094,0.011851890001707943
core_sarimax_frozen_s42,sarimax,frozen,selected,False,42,21,2025-06-02 01:00:00,2025-06-04 22:00:00,70,52.49,True,True,50.82578917135851,0.0,50.82578917135851,0.0,0.0068072980029683094,0.011851890001707943
core_sarimax_frozen_s42,sarimax,frozen,selected,False,42,21,2025-06-02 01:00:00,2025-06-04 23:00:00,71,56.1,True,True,50.64266569876543,0.0,50.64266569876543,0.0,0.0068072980029683094,0.011851890001707943
core_sarimax_frozen_s42,sarimax,frozen,selected,False,42,21,2025-06-02 01:00:00,2025-06-05 00:00:00,72,62.38,True,True,51.51100045571823,0.0,51.51100045571823,0.0,0.0068072980029683094,0.011851890001707943
core_sarimax_frozen_s42,sarimax,frozen,selected,False,42,21,2025-06-02 01:00:00,2025-06-05 01:00:00,73,74.59,True,True,55.53095658008553,0.0,55.53095658008553,0.0,0.0068072980029683094,0.011851890001707943
core_sarimax_frozen_s42,sarimax,frozen,selected,False,42,21,2025-06-02 01:00:00,2025-06-05 02:00:00,74,85.38,True,True,57.90408620530357,0.0,57.90408620530357,0.0,0.0068072980029683094,0.011851890001707943
core_sarimax_frozen_s42,sarimax,frozen,selected,False,42,21,2025-06-02 01:00:00,2025-06-05 03:00:00,75,99.4,True,True,63.207441374997416,0.0,63.207441374997416,0.0,0.0068072980029683094,0.011851890001707943
core_sarimax_frozen_s42,sarimax,frozen,selected,False,42,21,2025-06-02 01:00:00,2025-06-05 04:00:00,76,120.44,True,True,62.13530081602926,0.0,62.13530081602926,0.0,0.0068072980029683094,0.011851890001707943
core_sarimax_frozen_s42,sarimax,frozen,selected,False,42,21,2025-06-02 01:00:00,2025-06-05 05:00:00,77,134.36,True,True,60.30851383609246,0.0,60.30851383609246,0.0,0.0068072980029683094,0.011851890001707943
core_sarimax_frozen_s42,sarimax,frozen,selected,False,42,21,2025-06-02 01:00:00,2025-06-05 06:00:00,78,145.41,True,True,59.13957765387937,0.0,59.13957765387937,0.0,0.0068072980029683094,0.011851890001707943
core_sarimax_frozen_s42,sarimax,frozen,selected,False,42,21,2025-06-02 01:00:00,2025-06-05 07:00:00,79,126.95,True,True,51.70625268277274,0.0,51.70625268277274,0.0,0.0068072980029683094,0.011851890001707943
core_sarimax_frozen_s42,sarimax,frozen,selected,False,42,21,2025-06-02 01:00:00,2025-06-05 08:00:00,80,103.9,True,True,45.02416518710919,0.0,45.02416518710919,0.0,0.0068072980029683094,0.011851890001707943
core_sarimax_frozen_s42,sarimax,frozen,selected,False,42,21,2025-06-02 01:00:00,2025-06-05 09:00:00,81,87.12,True,True,40.15155645456369,0.0,40.15155645456369,0.0,0.0068072980029683094,0.011851890001707943
core_sarimax_frozen_s42,sarimax,frozen,selected,False,42,21,2025-06-02 01:00:00,2025-06-05 10:00:00,82,80.59,True,True,38.16281183079286,0.0,38.16281183079286,0.0,0.0068072980029683094,0.011851890001707943
core_sarimax_frozen_s42,sarimax,frozen,selected,False,42,21,2025-06-02 01:00:00,2025-06-05 11:00:00,83,81.51,True,True,39.115927177906,0.0,39.115927177906,0.0,0.0068072980029683094,0.011851890001707943
core_sarimax_frozen_s42,sarimax,frozen,selected,False,42,21,2025-06-02 01:00:00,2025-06-05 12:00:00,84,83.28,True,True,40.63290720213149,0.0,40.63290720213149,0.0,0.0068072980029683094,0.011851890001707943
core_sarimax_frozen_s42,sarimax,frozen,selected,False,42,21,2025-06-02 01:00:00,2025-06-05 13:00:00,85,83.0,True,True,41.13719319638241,0.0,41.13719319638241,0.0,0.0068072980029683094,0.011851890001707943
core_sarimax_frozen_s42,sarimax,frozen,selected,False,42,21,2025-06-02 01:00:00,2025-06-05 14:00:00,86,83.2,True,True,41.906218736481094,0.0,41.906218736481094,0.0,0.0068072980029683094,0.011851890001707943
core_sarimax_frozen_s42,sarimax,frozen,selected,False,42,21,2025-06-02 01:00:00,2025-06-05 15:00:00,87,82.87,True,True,43.063955671416466,0.0,43.063955671416466,0.0,0.0068072980029683094,0.011851890001707943
core_sarimax_frozen_s42,sarimax,frozen,selected,False,42,21,2025-06-02 01:00:00,2025-06-05 16:00:00,88,81.15,True,True,43.41908867700755,0.0,43.41908867700755,0.0,0.0068072980029683094,0.011851890001707943
core_sarimax_frozen_s42,sarimax,frozen,selected,False,42,21,2025-06-02 01:00:00,2025-06-05 17:00:00,89,80.3,True,True,43.93103073945204,0.0,43.93103073945204,0.0,0.0068072980029683094,0.011851890001707943
core_sarimax_frozen_s42,sarimax,frozen,selected,False,42,21,2025-06-02 01:00:00,2025-06-05 18:00:00,90,80.19,True,True,44.5938698805881,0.0,44.5938698805881,0.0,0.0068072980029683094,0.011851890001707943
core_sarimax_frozen_s42,sarimax,frozen,selected,False,42,21,2025-06-02 01:00:00,2025-06-05 19:00:00,91,80.36,True,True,45.147609593514176,0.0,45.147609593514176,0.0,0.0068072980029683094,0.011851890001707943
core_sarimax_frozen_s42,sarimax,frozen,selected,False,42,21,2025-06-02 01:00:00,2025-06-05 20:00:00,92,82.62,True,True,47.21039988906233,0.0,47.21039988906233,0.0,0.0068072980029683094,0.011851890001707943
core_sarimax_frozen_s42,sarimax,frozen,selected,False,42,21,2025-06-02 01:00:00,2025-06-05 21:00:00,93,86.87,True,True,49.59698257135611,0.0,49.59698257135611,0.0,0.0068072980029683094,0.011851890001707943
core_sarimax_frozen_s42,sarimax,frozen,selected,False,42,21,2025-06-02 01:00:00,2025-06-05 22:00:00,94,90.15,True,True,53.72544008401886,0.0,53.72544008401886,0.0,0.0068072980029683094,0.011851890001707943
core_sarimax_frozen_s42,sarimax,frozen,selected,False,42,21,2025-06-02 01:00:00,2025-06-05 23:00:00,95,92.06,True,True,61.07463863128382,0.0,61.07463863128382,0.0,0.0068072980029683094,0.011851890001707943
core_sarimax_frozen_s42,sarimax,frozen,selected,False,42,21,2025-06-02 01:00:00,2025-06-06 00:00:00,96,92.32,True,True,67.52950933797388,0.0,67.52950933797388,0.0,0.0068072980029683094,0.011851890001707943
core_sarimax_frozen_s42,sarimax,frozen,selected,False,42,21,2025-06-02 01:00:00,2025-06-06 01:00:00,97,92.26,True,True,66.58099657468247,0.0,66.58099657468247,0.0,0.0068072980029683094,0.011851890001707943
core_sarimax_frozen_s42,sarimax,frozen,selected,False,42,21,2025-06-02 01:00:00,2025-06-06 02:00:00,98,87.72,True,True,63.02210132079537,0.0,63.02210132079537,0.0,0.0068072980029683094,0.011851890001707943
core_sarimax_frozen_s42,sarimax,frozen,selected,False,42,21,2025-06-02 01:00:00,2025-06-06 03:00:00,99,84.53,True,True,65.1071793455259,0.0,65.1071793455259,0.0,0.0068072980029683094,0.011851890001707943
core_sarimax_frozen_s42,sarimax,frozen,selected,False,42,21,2025-06-02 01:00:00,2025-06-06 04:00:00,100,92.1,True,True,59.83520663218326,0.0,59.83520663218326,0.0,0.0068072980029683094,0.011851890001707943
core_sarimax_frozen_s42,sarimax,frozen,selected,False,42,21,2025-06-02 01:00:00,2025-06-06 05:00:00,101,97.26,True,True,54.45312477341798,0.0,54.45312477341798,0.0,0.0068072980029683094,0.011851890001707943
core_sarimax_frozen_s42,sarimax,frozen,selected,False,42,21,2025-06-02 01:00:00,2025-06-06 06:00:00,102,101.51,True,True,52.23691503200877,0.0,52.23691503200877,0.0,0.0068072980029683094,0.011851890001707943
core_sarimax_frozen_s42,sarimax,frozen,selected,False,42,21,2025-06-02 01:00:00,2025-06-06 07:00:00,103,94.8,True,True,46.916741288959,0.0,46.916741288959,0.0,0.0068072980029683094,0.011851890001707943
core_sarimax_frozen_s42,sarimax,frozen,selected,False,42,21,2025-06-02 01:00:00,2025-06-06 08:00:00,104,86.36,True,True,41.806250279318846,0.0,41.806250279318846,0.0,0.0068072980029683094,0.011851890001707943
core_sarimax_frozen_s42,sarimax,frozen,selected,False,42,21,2025-06-02 01:00:00,2025-06-06 09:00:00,105,84.85,True,True,38.65853856876103,0.0,38.65853856876103,0.0,0.0068072980029683094,0.011851890001707943
core_sarimax_frozen_s42,sarimax,frozen,selected,False,42,21,2025-06-02 01:00:00,2025-06-06 10:00:00,106,88.51,True,True,37.42945636348779,0.0,37.42945636348779,0.0,0.0068072980029683094,0.011851890001707943
core_sarimax_frozen_s42,sarimax,frozen,selected,False,42,21,2025-06-02 01:00:00,2025-06-06 11:00:00,107,95.3,True,True,38.13280903641228,0.0,38.13280903641228,0.0,0.0068072980029683094,0.011851890001707943
core_sarimax_frozen_s42,sarimax,frozen,selected,False,42,21,2025-06-02 01:00:00,2025-06-06 12:00:00,108,103.02,True,True,39.731888390960194,0.0,39.731888390960194,0.0,0.0068072980029683094,0.011851890001707943
core_sarimax_frozen_s42,sarimax,frozen,selected,False,42,21,2025-06-02 01:00:00,2025-06-06 13:00:00,109,111.17,True,True,42.25657561190192,0.0,42.25657561190192,0.0,0.0068072980029683094,0.011851890001707943
core_sarimax_frozen_s42,sarimax,frozen,selected,False,42,21,2025-06-02 01:00:00,2025-06-06 14:00:00,110,122.15,True,True,46.890183809022915,0.0,46.890183809022915,0.0,0.0068072980029683094,0.011851890001707943
core_sarimax_frozen_s42,sarimax,frozen,selected,False,42,21,2025-06-02 01:00:00,2025-06-06 15:00:00,111,138.37,True,True,51.83114403621252,0.0,51.83114403621252,0.0,0.0068072980029683094,0.011851890001707943
core_sarimax_frozen_s42,sarimax,frozen,selected,False,42,21,2025-06-02 01:00:00,2025-06-06 16:00:00,112,151.05,True,True,54.461556760590724,0.0,54.461556760590724,0.0,0.0068072980029683094,0.011851890001707943
core_sarimax_frozen_s42,sarimax,frozen,selected,False,42,21,2025-06-02 01:00:00,2025-06-06 17:00:00,113,161.27,True,True,56.53498570964487,0.0,56.53498570964487,0.0,0.0068072980029683094,0.011851890001707943
core_sarimax_frozen_s42,sarimax,frozen,selected,False,42,21,2025-06-02 01:00:00,2025-06-06 18:00:00,114,168.87,True,True,58.7950775440961,0.0,58.7950775440961,0.0,0.0068072980029683094,0.011851890001707943
core_sarimax_frozen_s42,sarimax,frozen,selected,False,42,21,2025-06-02 01:00:00,2025-06-06 19:00:00,115,171.45,True,True,60.60913578400897,0.0,60.60913578400897,0.0,0.0068072980029683094,0.011851890001707943
core_sarimax_frozen_s42,sarimax,frozen,selected,False,42,21,2025-06-02 01:00:00,2025-06-06 20:00:00,116,173.44,True,True,64.40659111044812,0.0,64.40659111044812,0.0,0.0068072980029683094,0.011851890001707943
core_sarimax_frozen_s42,sarimax,frozen,selected,False,42,21,2025-06-02 01:00:00,2025-06-06 21:00:00,117,175.13,True,True,70.4210138014069,0.0,70.4210138014069,0.0,0.0068072980029683094,0.011851890001707943
core_sarimax_frozen_s42,sarimax,frozen,selected,False,42,21,2025-06-02 01:00:00,2025-06-06 22:00:00,118,183.1,True,True,79.57145069654663,0.0,79.57145069654663,0.0,0.0068072980029683094,0.011851890001707943
core_sarimax_frozen_s42,sarimax,frozen,selected,False,42,21,2025-06-02 01:00:00,2025-06-06 23:00:00,119,150.18,True,True,76.37887623016783,0.0,76.37887623016783,0.0,0.0068072980029683094,0.011851890001707943
core_sarimax_frozen_s42,sarimax,frozen,selected,False,42,21,2025-06-02 01:00:00,2025-06-07 00:00:00,120,121.85,True,True,68.13480779587726,0.0,68.13480779587726,0.0,0.0068072980029683094,0.011851890001707943
core_sarimax_frozen_s42,sarimax,frozen,selected,False,42,21,2025-06-02 01:00:00,2025-06-07 01:00:00,121,97.42,True,True,58.45497116382725,0.0,58.45497116382725,0.0,0.0068072980029683094,0.011851890001707943
core_sarimax_frozen_s42,sarimax,frozen,selected,False,42,21,2025-06-02 01:00:00,2025-06-07 02:00:00,122,84.6,True,True,53.9657107111986,0.0,53.9657107111986,0.0,0.0068072980029683094,0.011851890001707943
core_sarimax_frozen_s42,sarimax,frozen,selected,False,42,21,2025-06-02 01:00:00,2025-06-07 03:00:00,123,80.29,True,True,56.872465654271934,0.0,56.872465654271934,0.0,0.0068072980029683094,0.011851890001707943
core_sarimax_frozen_s42,sarimax,frozen,selected,False,42,21,2025-06-02 01:00:00,2025-06-07 04:00:00,124,65.58,True,True,52.96094575970568,0.0,52.96094575970568,0.0,0.0068072980029683094,0.011851890001707943
core_sarimax_frozen_s42,sarimax,frozen,selected,False,42,21,2025-06-02 01:00:00,2025-06-07 05:00:00,125,54.96,True,True,48.36160325631596,0.0,48.36160325631596,0.0,0.0068072980029683094,0.011851890001707943
core_sarimax_frozen_s42,sarimax,frozen,selected,False,42,21,2025-06-02 01:00:00,2025-06-07 06:00:00,126,51.06,True,True,45.65112967549197,0.0,45.65112967549197,0.0,0.0068072980029683094,0.011851890001707943
core_sarimax_frozen_s42,sarimax,frozen,selected,False,42,21,2025-06-02 01:00:00,2025-06-07 07:00:00,127,47.29,True,True,41.69796208940798,0.0,41.69796208940798,0.0,0.0068072980029683094,0.011851890001707943
core_sarimax_frozen_s42,sarimax,frozen,selected,False,42,21,2025-06-02 01:00:00,2025-06-07 08:00:00,128,43.79,True,True,38.271979168547944,0.0,38.271979168547944,0.0,0.0068072980029683094,0.011851890001707943
core_sarimax_frozen_s42,sarimax,frozen,selected,False,42,21,2025-06-02 01:00:00,2025-06-07 09:00:00,129,41.15,True,True,35.7858205012063,0.0,35.7858205012063,0.0,0.0068072980029683094,0.011851890001707943
core_sarimax_frozen_s42,sarimax,frozen,selected,False,42,21,2025-06-02 01:00:00,2025-06-07 10:00:00,130,39.25,True,True,34.31963206902094,0.0,34.31963206902094,0.0,0.0068072980029683094,0.011851890001707943
core_sarimax_frozen_s42,sarimax,frozen,selected,False,42,21,2025-06-02 01:00:00,2025-06-07 11:00:00,131,38.59,True,True,34.29271724831668,0.0,34.29271724831668,0.0,0.0068072980029683094,0.011851890001707943
core_sarimax_frozen_s42,sarimax,frozen,selected,False,42,21,2025-06-02 01:00:00,2025-06-07 12:00:00,132,39.35,True,True,35.384346676135976,0.0,35.384346676135976,0.0,0.0068072980029683094,0.011851890001707943
core_sarimax_frozen_s42,sarimax,frozen,selected,False,42,21,2025-06-02 01:00:00,2025-06-07 13:00:00,133,42.39,True,True,37.719853165275026,0.0,37.719853165275026,0.0,0.0068072980029683094,0.011851890001707943
core_sarimax_frozen_s42,sarimax,frozen,selected,False,42,21,2025-06-02 01:00:00,2025-06-07 14:00:00,134,48.36,True,True,42.4166392758562,0.0,42.4166392758562,0.0,0.0068072980029683094,0.011851890001707943
core_sarimax_frozen_s42,sarimax,frozen,selected,False,42,21,2025-06-02 01:00:00,2025-06-07 15:00:00,135,56.86,True,True,47.821251128348734,0.0,47.821251128348734,0.0,0.0068072980029683094,0.011851890001707943
core_sarimax_frozen_s42,sarimax,frozen,selected,False,42,21,2025-06-02 01:00:00,2025-06-07 16:00:00,136,67.42,True,True,51.71368426937326,0.0,51.71368426937326,0.0,0.0068072980029683094,0.011851890001707943
core_sarimax_frozen_s42,sarimax,frozen,selected,False,42,21,2025-06-02 01:00:00,2025-06-07 17:00:00,137,80.18,True,True,55.591648166910886,0.0,55.591648166910886,0.0,0.0068072980029683094,0.011851890001707943
core_sarimax_frozen_s42,sarimax,frozen,selected,False,42,21,2025-06-02 01:00:00,2025-06-07 18:00:00,138,94.26,True,True,59.80873410611949,0.0,59.80873410611949,0.0,0.0068072980029683094,0.011851890001707943
core_sarimax_frozen_s42,sarimax,frozen,selected,False,42,21,2025-06-02 01:00:00,2025-06-07 19:00:00,139,106.22,True,True,63.1960477026164,0.0,63.1960477026164,0.0,0.0068072980029683094,0.011851890001707943
core_sarimax_frozen_s42,sarimax,frozen,selected,False,42,21,2025-06-02 01:00:00,2025-06-07 20:00:00,140,116.89,True,True,67.25963243262109,0.0,67.25963243262109,0.0,0.0068072980029683094,0.011851890001707943
core_sarimax_frozen_s42,sarimax,frozen,selected,False,42,21,2025-06-02 01:00:00,2025-06-07 21:00:00,141,128.1,True,True,70.77726632206628,0.0,70.77726632206628,0.0,0.0068072980029683094,0.011851890001707943
core_sarimax_frozen_s42,sarimax,frozen,selected,False,42,21,2025-06-02 01:00:00,2025-06-07 22:00:00,142,138.62,True,True,73.04822651101406,0.0,73.04822651101406,0.0,0.0068072980029683094,0.011851890001707943
core_sarimax_frozen_s42,sarimax,frozen,selected,False,42,21,2025-06-02 01:00:00,2025-06-07 23:00:00,143,147.74,True,True,74.86769164894605,0.0,74.86769164894605,0.0,0.0068072980029683094,0.011851890001707943
core_sarimax_frozen_s42,sarimax,frozen,selected,False,42,21,2025-06-02 01:00:00,2025-06-08 00:00:00,144,154.85,True,True,77.22426556258534,0.0,77.22426556258534,0.0,0.0068072980029683094,0.011851890001707943
core_sarimax_frozen_s42,sarimax,frozen,selected,False,42,21,2025-06-02 01:00:00,2025-06-08 01:00:00,145,171.91,True,True,74.54926476721369,0.0,74.54926476721369,0.0,0.0068072980029683094,0.011851890001707943
core_sarimax_frozen_s42,sarimax,frozen,selected,False,42,21,2025-06-02 01:00:00,2025-06-08 02:00:00,146,172.97,True,True,73.74053890514688,0.0,73.74053890514688,0.0,0.0068072980029683094,0.011851890001707943
core_sarimax_frozen_s42,sarimax,frozen,selected,False,42,21,2025-06-02 01:00:00,2025-06-08 03:00:00,147,180.31,True,True,77.68639665762217,0.0,77.68639665762217,0.0,0.0068072980029683094,0.011851890001707943
core_sarimax_frozen_s42,sarimax,frozen,selected,False,42,21,2025-06-02 01:00:00,2025-06-08 04:00:00,148,104.44,True,True,57.52086885822959,0.0,57.52086885822959,0.0,0.0068072980029683094,0.011851890001707943
core_sarimax_frozen_s42,sarimax,frozen,selected,False,42,21,2025-06-02 01:00:00,2025-06-08 05:00:00,149,74.95,True,True,47.682862589484216,0.0,47.682862589484216,0.0,0.0068072980029683094,0.011851890001707943
core_sarimax_frozen_s42,sarimax,frozen,selected,False,42,21,2025-06-02 01:00:00,2025-06-08 06:00:00,150,72.65,True,True,45.23009106063407,0.0,45.23009106063407,0.0,0.0068072980029683094,0.011851890001707943
core_sarimax_frozen_s42,sarimax,frozen,selected,False,42,21,2025-06-02 01:00:00,2025-06-08 07:00:00,151,75.11,True,True,42.73849203858575,0.0,42.73849203858575,0.0,0.0068072980029683094,0.011851890001707943
core_sarimax_frozen_s42,sarimax,frozen,selected,False,42,21,2025-06-02 01:00:00,2025-06-08 08:00:00,152,77.15,True,True,40.239648786188695,0.0,40.239648786188695,0.0,0.0068072980029683094,0.011851890001707943
core_sarimax_frozen_s42,sarimax,frozen,selected,False,42,21,2025-06-02 01:00:00,2025-06-08 09:00:00,153,78.52,True,True,37.9823200286007,0.0,37.9823200286007,0.0,0.0068072980029683094,0.011851890001707943
core_sarimax_frozen_s42,sarimax,frozen,selected,False,42,21,2025-06-02 01:00:00,2025-06-08 10:00:00,154,81.02,True,True,37.73778658685322,0.0,37.73778658685322,0.0,0.0068072980029683094,0.011851890001707943
core_sarimax_frozen_s42,sarimax,frozen,selected,False,42,21,2025-06-02 01:00:00,2025-06-08 11:00:00,155,84.05,True,True,39.30752383423325,0.0,39.30752383423325,0.0,0.0068072980029683094,0.011851890001707943
core_sarimax_frozen_s42,sarimax,frozen,selected,False,42,21,2025-06-02 01:00:00,2025-06-08 12:00:00,156,86.65,True,True,41.228512404282014,0.0,41.228512404282014,0.0,0.0068072980029683094,0.011851890001707943
core_sarimax_frozen_s42,sarimax,frozen,selected,False,42,21,2025-06-02 01:00:00,2025-06-08 13:00:00,157,88.71,True,True,42.59784154739776,0.0,42.59784154739776,0.0,0.0068072980029683094,0.011851890001707943
core_sarimax_frozen_s42,sarimax,frozen,selected,False,42,21,2025-06-02 01:00:00,2025-06-08 14:00:00,158,93.2,True,True,44.86037200117559,0.0,44.86037200117559,0.0,0.0068072980029683094,0.011851890001707943
core_sarimax_frozen_s42,sarimax,frozen,selected,False,42,21,2025-06-02 01:00:00,2025-06-08 15:00:00,159,97.43,True,True,47.67095585843754,0.0,47.67095585843754,0.0,0.0068072980029683094,0.011851890001707943
core_sarimax_frozen_s42,sarimax,frozen,selected,False,42,21,2025-06-02 01:00:00,2025-06-08 16:00:00,160,98.75,True,True,48.96206568978698,0.0,48.96206568978698,0.0,0.0068072980029683094,0.011851890001707943
core_sarimax_frozen_s42,sarimax,frozen,selected,False,42,21,2025-06-02 01:00:00,2025-06-08 17:00:00,161,99.91,True,True,50.275537355796786,0.0,50.275537355796786,0.0,0.0068072980029683094,0.011851890001707943
core_sarimax_frozen_s42,sarimax,frozen,selected,False,42,21,2025-06-02 01:00:00,2025-06-08 18:00:00,162,100.83,True,True,51.87729231197625,0.0,51.87729231197625,0.0,0.0068072980029683094,0.011851890001707943
core_sarimax_frozen_s42,sarimax,frozen,selected,False,42,21,2025-06-02 01:00:00,2025-06-08 19:00:00,163,101.08,True,True,53.11572464983803,0.0,53.11572464983803,0.0,0.0068072980029683094,0.011851890001707943
core_sarimax_frozen_s42,sarimax,frozen,selected,False,42,21,2025-06-02 01:00:00,2025-06-08 20:00:00,164,102.18,True,True,55.000917087087686,0.0,55.000917087087686,0.0,0.0068072980029683094,0.011851890001707943
core_sarimax_frozen_s42,sarimax,frozen,selected,False,42,21,2025-06-02 01:00:00,2025-06-08 21:00:00,165,104.27,True,True,56.00526496616939,0.0,56.00526496616939,0.0,0.0068072980029683094,0.011851890001707943
core_sarimax_frozen_s42,sarimax,frozen,selected,False,42,21,2025-06-02 01:00:00,2025-06-08 22:00:00,166,108.48,True,True,55.1587648760885,0.0,55.1587648760885,0.0,0.0068072980029683094,0.011851890001707943
core_sarimax_frozen_s42,sarimax,frozen,selected,False,42,21,2025-06-02 01:00:00,2025-06-08 23:00:00,167,114.67,True,True,54.78902706507691,0.0,54.78902706507691,0.0,0.0068072980029683094,0.011851890001707943
core_sarimax_frozen_s42,sarimax,frozen,selected,False,42,21,2025-06-02 01:00:00,2025-06-09 00:00:00,168,126.33,True,True,55.832742751850475,0.0,55.832742751850475,0.0,0.0068072980029683094,0.011851890001707943
