ds,trend,daily,weekly,yearly,no,no2,co,so2
2025-02-10 01:00:00,217.4803369580692,6.6478169043585815,-1.9696954341341895,-21.244728699139856,-103.45599777801375,57.93870438434487,561.6545060135222,-34.80724594197632
2025-02-10 02:00:00,217.48257243667584,8.190927397952848,-2.1339052414413215,-21.227059578161928,-111.72364727768553,64.89238004341891,609.9879390707516,-40.14258313547635
2025-02-10 03:00:00,217.48480791528246,14.998359000303399,-2.2954472673264292,-21.209244921071704,-99.32361791624142,66.87914451744008,537.4866581902475,-41.921028866643034
2025-02-10 04:00:00,217.4870433938891,24.247906954186995,-2.4553155538479756,-21.19128425014597,-23.88023256568892,33.082395563379364,96.43785942239846,-59.70315531889807
2025-02-10 05:00:00,217.48927887249576,31.434553914691403,-2.614465938558795,-21.173177092028,-24.911882643068445,40.04332218768709,96.43785942239846,-75.70916689939817
2025-02-10 06:00:00,217.49151435110235,32.26287390820899,-2.773799205423252,-21.154922977712527,-32.14788206536068,53.95792447106888,132.68906550998062,-96.16012737810914
2025-02-10 07:00:00,217.493749829709,24.458835794160073,-2.9341451401406466,-21.13652144261563,-46.61699113381804,72.84668890473722,211.23145987530847,-106.82847090569746
2025-02-10 08:00:00,217.49598530831562,8.832904654172587,-3.0962477000251902,-21.117972026584038,-73.48612956371949,94.71560004943734,350.1917768568332,-106.82847090569746
2025-02-10 09:00:00,217.49822078692227,-10.833409840307644,-3.2607514935408717,-21.09927427392242,-103.45599777801375,114.59774672011625,489.15322513301805,-106.82847090569746
2025-02-10 10:00:00,217.50045626552892,-29.146948893270554,-3.428189746799213,-21.080427733440843,-136.52659577670082,126.52558452947687,634.1546555993664,-106.82847090569746
2025-02-10 11:00:00,217.50269174413555,-41.256373256859476,-3.5989739151413564,-21.061431958466393,-165.4648139136155,134.4798933907952,839.5751399765718,-106.82847090569746
2025-02-10 12:00:00,217.5049272227422,-44.83621328086449,-3.773385075780965,-21.042286506878874,-182.00011291295905,134.4798933907952,1044.995624353777,-105.05002517453077
2025-02-10 13:00:00,217.50716270134882,-40.83717623326719,-3.951567213636186,-21.02299094113603,-184.06630284384522,134.4798933907952,1044.995624353777,-90.82479018460907
2025-02-10 14:00:00,217.50939817995544,-32.52687121066016,-4.133522488696815,-21.00354482831161,-177.86484327505963,134.4798933907952,1044.995624353777,-81.93256152877568
2025-02-10 15:00:00,217.5116336585621,-23.390636384967102,-4.319108546155989,-20.983947740117486,-167.53100384450167,134.4798933907952,1044.995624353777,-74.81877860410897
2025-02-10 16:00:00,217.51386913716874,-15.250531865159621,-4.508037904156117,-20.964199252925702,-150.99570484515817,128.51234900349803,1044.995624353777,-61.481601050064754
2025-02-10 17:00:00,217.5161046157754,-7.830538064061927,-4.699879427154473,-20.944298947811795,-126.19275634614286,108.63020233281912,863.7418565051865,-41.03297143076556
2025-02-10 18:00:00,217.518340094382,0.05365130095035346,-4.894061865220349,-20.924246410568248,-97.25453820922814,86.76129118811903,634.1546555993664,-23.69370826674338
2025-02-10 19:00:00,217.52057557298863,8.713729843277163,-5.089879412471468,-20.904041231745254,-76.5868593481123,68.87315995669489,458.9442638249197,-13.023033879743302
2025-02-10 20:00:00,217.52281105159526,16.679311560224356,-5.286499212123626,-20.883683006671287,-63.15229013316157,57.93870438434487,368.3173799006243,-7.687696686243269
2025-02-10 21:00:00,217.5250465302019,21.418753318165816,-5.482970709544818,-20.863171335472813,-54.88464063348981,49.984395523026535,319.98281554873483,-5.021193519199127
2025-02-10 22:00:00,217.52728200880856,21.16636749554324,-5.678236730665083,-20.842505823126498,-46.61699113381804,41.03670442469767,277.69049597632903,-4.133136083321662
2025-02-10 23:00:00,217.52951748741518,16.476085004065617,-5.871146140934119,-20.821686079461344,-54.88464063348981,40.04332218768709,350.1917768568332,-13.023033879743302
2025-02-11 00:00:00,217.53175296602183,10.32662197845692,-6.060467918854258,-20.800711719193774,-88.98688870955638,52.9645422340583,525.4032999259401,-25.917348145554673
2025-02-11 01:00:00,217.53398844462845,6.647816904410722,-6.244906459634782,-20.779582361961626,-117.9251068464711,64.89238004341891,658.3225034226413,-35.69763423726553
2025-02-11 02:00:00,217.53622392323507,8.190927398082417,-6.423117908573668,-20.75829763234836,-119.99129677735726,68.87315995669489,658.3225034226413,-38.36413740430968
2025-02-11 03:00:00,217.53845940184172,14.998358999962814,-6.59372730998735,-20.73685715989646,-99.32361791624142,62.905615569397774,537.4866581902475,-31.25035447964295
2025-02-11 04:00:00,217.54069488044834,24.247906953833777,-6.755346346445604,-20.71526057915278,-22.84569271218228,36.069793239644746,93.41730267998666,-33.919188506098855
2025-02-11 05:00:00,217.542930359055,31.434553914852145,-6.906591435604567,-20.693507529688905,-11.477313428117718,31.0956310893582,17.895465057070595,-41.03297143076556
2025-02-11 06:00:00,217.54516583766164,32.26287390817298,-7.0461019465303645,-20.67159765611809,-9.411123497231552,31.0956310893582,-0.2301379867204593,-47.256366060143066
2025-02-11 07:00:00,217.54740131626826,24.458835794634883,-7.172558295563263,-20.64953060813198,-29.047152280967886,39.04993995067651,90.3967459375748,-50.81325752247642
2025-02-11 08:00:00,217.5496367948749,8.832904653767857,-7.284699683279859,-20.62730604052216,-68.31920984844055,55.94468894509005,271.64938249150543,-61.481601050064754
2025-02-11 09:00:00,217.55187227348154,-10.833409840379428,-7.381341237819535,-20.604923613211753,-113.78983720857168,78.8069823268007,458.9442638249197,-83.71100725994236
2025-02-11 10:00:00,217.55410775208816,-29.146948893549958,-7.461390337725845,-20.582382991263117,-146.86332498338584,98.68912899747964,585.821222542137,-97.93857310927581
2025-02-11 11:00:00,217.5563432306948,-41.25637325693181,-7.52386189689998,-20.559683844928426,-146.86332498338584,104.65667338477681,609.9879390707516,-81.93256152877568
2025-02-11 12:00:00,217.55857870930146,-44.836213280752915,-7.567892408291648,-20.536825849654093,-128.25894627702903,96.70236452345847,585.821222542137,-53.47976068952056
2025-02-11 13:00:00,217.5608141879081,-40.83717623307053,-7.59275255728409,-20.513808686116786,-93.12215834745584,82.78776224007669,471.0276220892269,-28.583851312598807
2025-02-11 14:00:00,217.56304966651473,-32.52687121056582,-7.597858235074658,-20.49063204024115,-42.481721495918606,76.82021785277956,289.7749855352964,-7.244833398010412
2025-02-11 15:00:00,217.56528514512132,-23.390636384881706,-7.5827798017368995,-20.467295603228077,11.516635215324511,41.03670442469767,20.916021799482394,12.539501288939487
2025-02-11 16:00:00,217.56752062372797,-15.2505318647307,-7.547249471255534,-20.44379907158494,43.266605523920695,-39.97833013091712,-219.2442589994391,26.543304634744743
2025-02-11 17:00:00,217.56975610233462,-7.830538064024326,-7.491166714752343,-20.42014214713791,43.29550328519183,-56.01021426252585,-233.97145288435186,27.37775230415191
2025-02-11 18:00:00,217.57199158094127,0.05365130106873163,-7.414601603137154,-20.39632453705924,43.29550328519183,-56.38001348944219,-233.59360046788535,27.044439408271394
2025-02-11 19:00:00,217.5742270595479,8.71372984347825,-7.317796037094329,-20.37234595389752,43.29550328519183,-54.26998260644892,-231.32761726374645,25.988560094747797
2025-02-11 20:00:00,217.57646253815452,16.679311560437036,-7.201162838993595,-20.34820611560301,43.29550328519183,-51.15931852121141,-228.3070605213346,24.655308511225726
2025-02-11 21:00:00,217.57869801676117,21.41875331794955,-7.065282708850776,-20.323904745533515,43.292613509064715,-46.93925675522485,-224.90865136245628,22.986413172411385
2025-02-11 22:00:00,217.5809334953678,21.166367495516347,-6.910899074137403,-20.299441572484756,43.28683395681048,-41.71856178699405,-219.2442589994391,21.319848693008794
2025-02-11 23:00:00,217.58316897397444,16.476085004303147,-6.738910889794677,-20.27481633074024,43.17124291172594,-26.06372784753533,-195.8321160090973,17.874838482439525
2025-02-12 00:00:00,217.58540445258106,10.326621978264564,-6.550363471559241,-20.250028760039335,41.099273428585555,-8.668662251999676,-170.90969464754957,14.317947020106166
2025-02-12 01:00:00,217.5876399311877,6.647816904303759,-6.346437471425893,-20.225078605662684,36.51319871485641,-14.135890038174702,-161.84689312565408,12.09430714129488
2025-02-12 02:00:00,217.58987540979433,8.190927397909029,-6.128436127323114,-20.19996561840866,35.93235371330659,-24.57002900940263,-173.93138268462144,11.872875497178452
2025-02-12 03:00:00,217.59211088840098,14.998359000163887,-5.897770942196647,-20.174689554616723,37.09404371640622,-33.0174035066094,-192.81155926668546,12.760932933055916
2025-02-12 04:00:00,217.59434636700763,24.247906953677692,-5.655945968283889,-20.149250176234997,40.582003501832226,-49.672870648312355,-221.51024220357797,22.210236988298014
2025-02-12 05:00:00,217.59658184561425,31.434553914671714,-5.404540889801223,-20.123647250777918,41.22931335430566,-53.89293241429892,-226.7967821501287,24.543427259461634
2025-02-12 06:00:00,217.59881732422087,32.2628739083041,-5.145193114233171,-20.097880551399946,41.45471589222051,-54.516515424393155,-228.3070605213346,25.098171799458576
2025-02-12 07:00:00,217.60105280282752,24.458835794377546,-4.879579095108262,-20.071949856885205,41.22931335430566,-50.912785703267176,-225.28650377892282,23.54348857182008
2025-02-12 08:00:00,217.60328828143417,8.832904654491413,-4.609395119460836,-20.045854951684355,40.35660096391738,-39.97833013091712,-214.71342388582136,19.653284213606202
2025-02-12 09:00:00,217.60552376004082,-10.833409839599229,-4.3363378010442934,-20.01959562593101,40.099410888604275,-21.58988229837088,-200.36408241737507,15.874961107156418
2025-02-12 10:00:00,217.60775923864745,-29.146948892928727,-4.062084524865813,-19.993171675458566,27.664704213634824,6.246573233626349,-127.10709670393786,6.537538303678414
2025-02-12 11:00:00,217.60999471725404,-41.25637325700416,-3.7882740895915683,-19.966582901829042,4.023445717719168,19.167793279997564,17.895465057070595,-8.578084981532484
2025-02-12 12:00:00,217.6122301958607,-44.8362132807772,-3.51648779277495,-19.939829112346903,-13.029123208377676,21.15455775401872,174.98138508238642,-22.360456683221308
2025-02-12 13:00:00,217.61446567446734,-40.83717623333664,-3.2482311995313067,-19.91291012007565,-24.911882643068445,16.18764656896582,301.85834379960386,-31.25035447964295
2025-02-12 14:00:00,217.616701153074,-32.52687121039563,-2.9849168264652186,-19.88582574386241,-34.21407199624685,15.194264331955239,416.65194425251383,-34.80724594197632
2025-02-12 15:00:00,217.6189366316806,-23.39063638456317,-2.7278479623382155,-19.858575808363387,-40.41553156503245,17.181028805976407,464.9853773097433,-27.693463017309597
2025-02-12 16:00:00,217.62117211028723,-15.250531865028279,-2.478203833607342,-19.831160144056692,-36.280261927133004,17.181028805976407,404.56858598820645,-17.47031363736588
2025-02-12 17:00:00,217.62340758889385,-7.830538063986726,-2.237026305610923,-19.8035785872556,-28.012612427461242,16.18764656896582,319.98281554873483,-10.801724860343775
2025-02-12 18:00:00,217.6256430675005,0.05365130118711148,-2.005208292418787,-19.775830980132486,-18.71331285040996,16.18764656896582,247.48266596289062,-7.687696686243269
2025-02-12 19:00:00,217.62787854610715,8.713729843679332,-1.7834840269089298,-19.747917170746877,-7.862203493098714,12.206866655689847,162.89689552341898,-10.356530712699161
2025-02-12 20:00:00,217.63011402471378,16.679311560244155,-1.5724213194851087,-19.719837013049883,-0.10893414405315247,9.226719944658102,105.50066094429403,-15.691867906199203
2025-02-12 21:00:00,217.63234950332043,21.41875331807369,-1.3724159095050443,-19.691590366903462,0.4054460065730534,8.23333770764752,90.3967459375748,-21.024874240287488
2025-02-12 22:00:00,217.63458498192705,21.166367495413628,-1.183687987613782,-19.66317709811069,-5.278743635459233,10.220102181668677,126.64682073049691,-29.47190874847627
2025-02-12 23:00:00,217.6368204605337,16.476085004145276,-1.0062809395072818,-19.634597078429085,-23.88023256568892,18.174411042986982,253.52377944771433,-47.256366060143066
2025-02-13 00:00:00,217.63905593914035,10.32662197807221,-0.8400623345191984,-19.605850185557586,-56.95083056437596,30.102248852347614,422.6930577373374,-65.92888080768734
2025-02-13 01:00:00,217.64129141774694,6.647816904196799,-0.6847271542270493,-19.576936303211472,-88.98688870955638,43.023468898718825,573.7378642778298,-68.59538397473148
2025-02-13 02:00:00,217.6435268963536,8.190927397962758,-0.5398032277166027,-19.547855321100158,-105.5221877088999,51.97115999704771,682.489219951256,-66.81693824356479
2025-02-13 03:00:00,217.64576237496024,14.998359000131813,-0.4046588128992698,-19.5186071349322,-103.45599777801375,64.89238004341891,706.6559364798705,-74.81877860410897
2025-02-13 04:00:00,217.6479978535669,24.24790695392716,-0.27851223609970677,-19.48919164647749,-43.51626134942526,48.99101328601598,277.69049597632903,-83.71100725994236
2025-02-13 05:00:00,217.65023333217354,31.434553914832463,-0.16044347583590285,-19.459608763544455,-24.911882643068445,50.97777776003712,132.68906550998062,-90.82479018460907
2025-02-13 06:00:00,217.65246881078014,32.26287390826809,-0.04940755228372371,-19.429858400008275,-22.84569271218228,58.932086621355424,114.5634624661895,-94.38168164694245
2025-02-13 07:00:00,217.65470428938676,24.458835794120205,0.055750438724121276,-19.39994047582932,-19.744962927789484,56.938071182100614,99.45841616481026,-92.60323591577576
2025-02-13 08:00:00,217.6569397679934,8.832904654492244,0.156278830221388,-19.369854917066984,-26.98096235008172,58.932086621355424,144.77242377428794,-106.82847090569746
2025-02-13 09:00:00,217.65917524660006,-10.83340984001141,0.2535016280316496,-19.33960165589582,-48.683181064704215,70.85992443071606,271.64938249150543,-106.82847090569746
2025-02-13 10:00:00,217.6614107252067,-29.146948893132283,0.34879971174504826,-19.309180630613973,-80.7192392098846,86.76129118811903,452.9020190454358,-106.82847090569746
2025-02-13 11:00:00,217.6636462038133,-41.25637325669257,0.44359122401522316,-19.278591785665576,-115.85891691558496,100.67589347150081,670.4058616869485,-106.82847090569746
2025-02-13 12:00:00,217.66588168241995,-44.83621328066563,0.539311390113037,-19.247835071655967,-128.25894627702903,102.66990891075562,791.2405756246823,-106.82847090569746
2025-02-13 13:00:00,217.66811716102657,-40.837176233139985,0.6373920172966442,-19.216910445358785,-124.12656641525672,92.72883557541616,827.4917817122645,-106.82847090569746
2025-02-13 14:00:00,217.67035263963322,-32.526871210756354,0.7392409286474034,-19.185817869737928,-119.99129677735726,86.76129118811903,863.7418565051865,-106.82847090569746
2025-02-13 15:00:00,217.67258811823987,-23.390636384905893,0.8462215871275708,-19.154557313944483,-113.78983720857168,80.80099776605552,851.6584982408791,-106.82847090569746
2025-02-13 16:00:00,217.6748235968465,-15.250531865004918,0.9596331641088055,-19.123128753362373,-101.3898078471276,74.83345337875839,754.9905008317602,-92.60323591577576
2025-02-13 17:00:00,217.67705907545314,-7.830538064279405,1.0806913018981208,-19.091532169591833,-85.88615892516357,64.89238004341891,622.0712973350591,-73.04033287294229
2025-02-13 18:00:00,217.67929455405977,0.053651300859514285,1.2105098117769122,-19.05976755046181,-67.28466999493392,54.951306708079464,477.0687355740506,-46.36597776485385
2025-02-13 19:00:00,217.68153003266642,8.713729843338712,1.35008353792755,-19.027834890077106,-39.380991711525816,38.056557713665924,283.73274075581276,-16.579925342076667
2025-02-13 20:00:00,217.68376551127307,16.679311560456835,1.500272604286114,-18.99573418879004,-18.196042923656638,23.141322228039893,144.77242377428794,-2.354690352154984
2025-02-13 21:00:00,217.68600098987966,21.41875331798057,1.6617882443962848,-18.96346545323205,-7.862203493098714,14.200882094944664,84.3545011580911,1.6473952578229862
2025-02-13 22:00:00,217.6882364684863,21.16636749552298,1.8351803953337342,-18.931028696325725,-5.793123786085439,11.213484418679263,69.2505861513719,1.2022011101783727
2025-02-13 23:00:00,217.69047194709296,16.476085004220558,2.020827215849611,-18.898423937297764,-18.71331285040996,14.200882094944664,156.85578203859532,-7.687696686243269
2025-02-14 00:00:00,217.6927074256996,10.326621977879855,2.218926665143192,-18.865651201669877,-50.749370995590375,23.141322228039893,319.98281554873483,-20.13681680441002
2025-02-14 01:00:00,217.69494290430626,6.647816904248948,2.429490253635204,-18.83271052131624,-84.85450884778407,34.07577780038993,477.0687355740506,-28.583851312598807
2025-02-14 02:00:00,217.69717838291285,8.19092739801649,2.652339051099407,-18.79960193441392,-99.32361791624142,41.03670442469767,549.5700164545549,-34.80724594197632
2025-02-14 03:00:00,217.69941386151947,14.998359000332877,2.8871020095731526,-18.76632548550527,-93.12215834745584,44.01685113572941,513.3199416616328,-38.36413740430968
2025-02-14 04:00:00,217.70164934012612,24.247906953573942,3.13321662999338,-18.732881225476483,-47.648641211197564,30.102248852347614,247.48266596289062,-36.585691673143
2025-02-14 05:00:00,217.70388481873277,31.434553914993202,3.3899319737027804,-18.69926921158157,-39.380991711525816,37.06317547665533,199.1481016110011,-56.14859471597647
2025-02-14 06:00:00,217.70612029733942,32.26287390815624,3.656313989978419,-18.665489507449532,-41.44718164241197,54.951306708079464,217.2737046547922,-80.15411579760901
2025-02-14 07:00:00,217.70835577594602,24.458835793862864,3.9312531036428586,-18.631542183091945,-37.31480178063964,66.87914451744008,193.10585683151737,-97.93857310927581
2025-02-14 08:00:00,217.71059125455267,8.832904654087512,4.213473977992433,-18.59742731491992,-43.51626134942526,88.74805566214019,217.2737046547922,-106.82847090569746
2025-02-14 09:00:00,217.7128267331593,-10.833409840423595,4.501547342492768,-18.563144985736717,-51.783910849097005,102.66990891075562,247.48266596289062,-106.82847090569746
2025-02-14 10:00:00,217.71506221176594,-29.14694889341168,4.793903748263379,-18.528695284758513,-78.65304927899845,108.63020233281912,374.359624680108,-106.82847090569746
2025-02-14 11:00:00,217.7172976903726,-41.25637325699805,5.088849091915168,-18.49407830763238,-115.85891691558496,120.55804014217975,597.9045808064444,-106.82847090569746
2025-02-14 12:00:00,217.7195331689792,-44.83621328055406,5.384581725683459,-18.459294156410195,-134.46040584581465,126.52558452947687,803.3250651836496,-106.82847090569746
2025-02-14 13:00:00,217.72176864758586,-40.83717623328372,5.6792109520475655,-18.424342939604045,-138.59567548371407,124.53882005545569,924.1597791213833,-106.82847090569746
2025-02-14 14:00:00,217.72400412619248,-32.526871210586165,5.970776685296296,-18.389224772155263,-138.59567548371407,124.53882005545569,1020.8277765305023,-106.82847090569746
2025-02-14 15:00:00,217.72623960479913,-23.390636384820496,6.25727004665492,-18.35393977545683,-142.7280553454864,128.51234900349803,1044.995624353777,-106.82847090569746
2025-02-14 16:00:00,217.72847508340575,-15.250531864981548,6.536654648554523,-18.31848807736307,-136.52659577670082,128.51234900349803,1020.8277765305023,-106.82847090569746
2025-02-14 17:00:00,217.73071056201238,-7.830538064241805,6.806888315827494,-18.28286981218696,-126.19275634614286,128.51234900349803,924.1597791213833,-97.93857310927581
2025-02-14 18:00:00,217.73294604061903,0.05365130105373478,7.06594498516011,-18.247085120717262,-117.9251068464711,134.47264242556153,839.5751399765718,-92.60323591577576
2025-02-14 19:00:00,217.73518151922568,8.713729843539795,7.311836522302013,-18.21113415021188,-101.3898078471276,128.51234900349803,718.7392947441782,-80.15411579760901
2025-02-14 20:00:00,217.73741699783233,16.679311560191376,7.542634197745433,-18.175017054426473,-79.6875891325051,110.61696680684025,549.5700164545549,-58.81509788302062
2025-02-14 21:00:00,217.73965247643892,21.418753318104716,7.756489565619285,-18.138733993584605,-62.11775027965493,88.74805566214019,404.56858598820645,-35.69763423726553
2025-02-14 22:00:00,217.74188795504557,21.1663674954961,7.9516544972094545,-18.102285134414558,-48.683181064704215,70.85992443071606,301.85834379960386,-13.468228027387916
2025-02-14 23:00:00,217.7441234336522,16.476085004458092,8.126500132020569,-18.06567065015627,-30.081692134474523,44.01685113572941,187.0647433466938,-1.4643020568657699
2025-02-15 00:00:00,217.74635891225884,10.326621978096833,8.279534521606232,-18.028890720523197,-10.9600435013644,22.147939991029308,84.3545011580911,2.09258940546759
2025-02-15 01:00:00,217.7485943908655,6.647816904482388,8.409418757406618,-17.99194553177029,6.606905575358652,15.194264331955239,-12.313496251027862,4.0924667807507005
2025-02-15 02:00:00,217.7508298694721,8.190927397843105,8.514981393346623,-17.95483527663416,8.673095506244811,8.23333770764752,-27.418542552407118,2.09258940546759
2025-02-15 03:00:00,217.75306534807874,14.998358999992298,8.595230993440735,-17.91756015439183,14.357285148277095,2.2657933203503733,-60.64806060291735,1.6473952578229862
2025-02-15 04:00:00,217.75530082668536,24.247906953823417,8.649366658643315,-17.88012037082261,29.600854218800876,-11.148492361909302,-146.74297811893484,6.537538303678414
2025-02-15 05:00:00,217.757536305292,31.43455391481354,8.67678641144134,-17.84251613824769,36.83685364109312,-26.556793483423792,-194.32183763789138,13.206127080700522
2025-02-15 06:00:00,217.75977178389866,32.26287390828736,8.677093342859777,-17.80474767550186,38.90304357197929,-32.524337870720935,-210.18145747754357,16.317824395389273
2025-02-15 07:00:00,217.7620072625053,24.458835794337674,8.650099453926785,-17.76681520794194,38.70942857146268,-27.550175720434375,-204.8949175309928,14.984572811867201
2025-02-15 08:00:00,217.76424274111193,8.832904653682787,8.595827151781503,-17.728718967480123,36.83685364109312,-11.148492361909302,-182.99418420651702,9.649235618367163
2025-02-15 09:00:00,217.76647821971855,-10.833409839643396,8.514508389043124,-17.69045919254188,34.123353857733534,6.246573233626349,-160.33661475444814,4.982855076039915
2025-02-15 10:00:00,217.7687136983252,-29.14694889279045,8.406581463873282,-17.652036128087566,19.52709463968317,18.174411042986982,-90.85702191101578,-0.5762446209883056
2025-02-15 11:00:00,217.77094917693185,-41.256373257070386,8.272685526429516,-17.613450025637224,2.474525713586328,26.128719904305296,17.895465057070595,-6.7996392503658045
2025-02-15 12:00:00,217.77318465553847,-44.83621328084806,8.113652865179384,-17.574701143223304,-0.10893414405315247,29.10886661533703,90.3967459375748,-9.911336565054555
2025-02-15 13:00:00,217.7754201341451,-40.83717623354983,7.930499073628552,-17.53578974544186,10.224905286504772,25.135337667294714,75.29169963619556,-5.466387666843733
2025-02-15 14:00:00,217.77765561275174,-32.52687121041598,7.7244112230340205,-17.496716103412165,25.211284281715454,11.213484418679263,-12.313496251027862,4.982855076039915
2025-02-15 15:00:00,217.7798910913584,-23.390636384735103,7.4967341913230365,-17.457480494796176,37.16050856732984,-6.181581176856389,-119.55457355324825,16.096392751272848
2025-02-15 16:00:00,217.78212656996504,-15.250531864958186,7.248955319722309,-17.418083203809054,43.292613509064715,-44.94524131597003,-221.51024220357797,25.764797591219615
2025-02-15 17:00:00,217.78436204857164,-7.830538063863803,6.982687589097835,-17.37852452120558,43.29550328519183,-53.14608299523256,-232.46004321848588,26.932558156507305
2025-02-15 18:00:00,217.7865975271783,0.05365130117211453,6.699651524873179,-17.33880474425715,43.29550328519183,-55.00958106028161,-234.34817400615825,27.265871052387826
2025-02-15 19:00:00,217.7888330057849,8.713729843507739,6.401656055111868,-17.298924176806146,43.29550328519183,-55.00958106028161,-233.97145288435186,27.10038003415344
2025-02-15 20:00:00,217.79106848439156,16.67931156040405,6.090578557059732,-17.258883129224703,43.29550328519183,-53.39986677841044,-232.46004321848588,26.43142338298065
2025-02-15 21:00:00,217.79330396299818,21.418753318228852,5.768344337619406,-17.218681918407764,43.292613509064715,-51.15931852121141,-230.5730437254735,25.711187824749324
2025-02-15 22:00:00,217.79553944160483,21.166367495469217,5.43690579900433,-17.17832086780725,43.289723732937595,-48.17917181017965,-227.55135568840163,25.042231173576535
2025-02-15 23:00:00,217.79777492021145,16.47608500430022,5.098221543076702,-17.137800307404767,43.26082597166646,-40.471395766805585,-214.71342388582136,23.319726068291903
2025-02-16 00:00:00,217.80001039881807,10.32662197831004,4.7542356680404385,-17.09712057369759,42.86781641837903,-32.02402126959882,-204.8949175309928,21.98647448476983
2025-02-16 01:00:00,217.80224587742472,6.6478169043754285,4.406857508388663,-17.05628200972852,40.905658428068946,-37.49124905577384,-204.14034399271992,21.65316158888931
2025-02-16 02:00:00,217.80448135603137,8.19092739789683,4.057942060614889,-17.01528496507194,40.293025889120884,-46.192407336158496,-210.93716231047654,21.98647448476983
2025-02-16 03:00:00,217.80671683463802,14.998359000193366,3.7092713294097766,-16.974129795811486,40.80740603974709,-52.15270075822198,-219.9999638323721,23.319726068291903
2025-02-16 04:00:00,217.80895231324465,24.247906954072885,3.362536816024711,-16.932816864554397,41.746583281058975,-57.74319495336912,-230.19519130900701,26.26593236474627
2025-02-16 05:00:00,217.81118779185127,31.434553914633113,3.019323354645356,-16.89134654043348,41.859284550016405,-58.36677796346336,-231.70546968021293,26.820676904743213
2025-02-16 06:00:00,217.81342327045792,32.26287390825136,2.6810944856184284,-16.849719199087453,41.89107208741465,-57.87371232757489,-232.08332209667944,26.76706713827292
2025-02-16 07:00:00,217.81565874906454,24.458835794313476,2.3491795345162743,-16.80793522266048,41.89107208741465,-56.133480671497956,-231.32761726374645,26.209991738864225
2025-02-16 08:00:00,217.8178942276712,8.832904654406345,2.024762542763664,-16.76599499981024,41.84194589325373,-51.90616794027775,-227.92920810486814,25.042231173576535
2025-02-16 09:00:00,217.8201297062778,-10.833409840055582,1.7088731728389923,-16.723898925677922,42.26963276006652,-44.205642862137324,-224.1529465295233,24.321995615345205
2025-02-16 10:00:00,217.82236518488446,-29.146948893069844,1.4023796855067356,-16.681647401918905,43.14523492658192,-36.99818341988538,-219.9999638323721,24.098233111817027
2025-02-16 11:00:00,217.8246006634911,-41.25637325675882,1.1059840592853925,-16.63924083666496,43.28683395681048,-34.5111023447421,-213.95771905288834,23.319726068291903
2025-02-16 12:00:00,217.8268361420977,-44.836213280872336,0.8202192958821186,-16.59667964452351,43.289723732937595,-35.50448458175268,-209.42688393927062,23.098294424175474
2025-02-16 13:00:00,217.82907162070435,-40.83717623335317,0.5454489274959877,-16.55396424659653,43.289723732937595,-37.73778187371808,-207.91547427340464,23.098294424175474
2025-02-16 14:00:00,217.83130709931098,-32.5268712107767,0.28186871324734386,-16.511095070445045,43.289723732937595,-38.98494789390654,-207.1609007351317,23.210175675939563
2025-02-16 15:00:00,217.83354257791763,-23.390636385077826,0.029510485110252345,-16.46807255008599,43.289723732937595,-41.71856178699405,-212.44744068168245,24.210114363581113
2025-02-16 16:00:00,217.83577805652428,-15.250531865255768,-0.21175192338559465,-16.424897126008382,43.292613509064715,-46.192407336158496,-224.1529465295233,25.487425321221142
2025-02-16 17:00:00,217.8380135351309,-7.830538063826203,-0.44219475929934005,-16.381569245148864,43.292613509064715,-48.42570462812389,-227.17350327193512,24.9326807812242
2025-02-16 18:00:00,217.84024901373755,0.05365130084451734,-0.6622345610408076,-16.33808936087028,43.292613509064715,-50.66625288532294,-228.68491293780113,25.098171799458576
2025-02-16 19:00:00,217.84248449234417,8.713729843167117,-0.872416638865203,-16.29445793297974,43.292613509064715,-51.90616794027775,-229.43948647607402,25.32193430298676
2025-02-16 20:00:00,217.8447199709508,16.67931156021117,-1.0734019885074841,-16.250675427718207,43.292613509064715,-52.6530173593441,-230.19519130900701,25.154112425340628
2025-02-16 21:00:00,217.84695544955744,21.418753318352987,-1.2659528197360652,-16.206742317723243,43.292613509064715,-52.40648454139988,-230.19519130900701,24.876740155342155
2025-02-16 22:00:00,217.8491909281641,21.16636749557857,-1.4509168991165258,-16.162659082065424,43.292613509064715,-50.66625288532294,-227.17350327193512,24.321995615345205
2025-02-16 23:00:00,217.85142640677074,16.47608500414235,-1.6292109207171714,-16.11842620619178,43.231928210395324,-37.99156565689596,-207.91547427340464,21.207967441244705
2025-02-17 00:00:00,217.85366188537736,10.326621978117686,-1.8018031298478694,-16.074044181945773,41.373802160661334,-21.58988229837088,-184.5044625777229,17.42964433479492
