forecast_origin,target_timestamp,lead_hour,base_prediction
2024-12-16 01:00:00,2024-12-16 01:00:00,1,662.9268798828125
2024-12-16 01:00:00,2024-12-16 02:00:00,2,662.1536254882812
2024-12-16 01:00:00,2024-12-16 03:00:00,3,558.9718627929688
2024-12-16 01:00:00,2024-12-16 04:00:00,4,959.12744140625
2024-12-16 01:00:00,2024-12-16 05:00:00,5,640.1331176757812
2024-12-16 01:00:00,2024-12-16 06:00:00,6,-39.96206283569336
2024-12-16 01:00:00,2024-12-16 07:00:00,7,306.50091552734375
2024-12-16 01:00:00,2024-12-16 08:00:00,8,917.301513671875
2024-12-16 01:00:00,2024-12-16 09:00:00,9,260.85406494140625
2024-12-16 01:00:00,2024-12-16 10:00:00,10,245.4790496826172
2024-12-16 01:00:00,2024-12-16 11:00:00,11,449.9464111328125
2024-12-16 01:00:00,2024-12-16 12:00:00,12,677.6664428710938
2024-12-16 01:00:00,2024-12-16 13:00:00,13,524.3570556640625
2024-12-16 01:00:00,2024-12-16 14:00:00,14,798.249755859375
2024-12-16 01:00:00,2024-12-16 15:00:00,15,325.45697021484375
2024-12-16 01:00:00,2024-12-16 16:00:00,16,1234.2115478515625
2024-12-16 01:00:00,2024-12-16 17:00:00,17,1730.54150390625
2024-12-16 01:00:00,2024-12-16 18:00:00,18,1219.017578125
2024-12-16 01:00:00,2024-12-16 19:00:00,19,379.33087158203125
2024-12-16 01:00:00,2024-12-16 20:00:00,20,308.2320861816406
2024-12-16 01:00:00,2024-12-16 21:00:00,21,674.0368041992188
2024-12-16 01:00:00,2024-12-16 22:00:00,22,961.2022705078125
2024-12-16 01:00:00,2024-12-16 23:00:00,23,691.1218872070312
2024-12-16 01:00:00,2024-12-17 00:00:00,24,1063.6871337890625
2024-12-16 01:00:00,2024-12-17 01:00:00,25,1380.897216796875
2024-12-16 01:00:00,2024-12-17 02:00:00,26,1689.104248046875
2024-12-16 01:00:00,2024-12-17 03:00:00,27,1220.84521484375
2024-12-16 01:00:00,2024-12-17 04:00:00,28,792.4962158203125
2024-12-16 01:00:00,2024-12-17 05:00:00,29,669.6994018554688
2024-12-16 01:00:00,2024-12-17 06:00:00,30,961.537109375
2024-12-16 01:00:00,2024-12-17 07:00:00,31,368.962158203125
2024-12-16 01:00:00,2024-12-17 08:00:00,32,787.8709106445312
2024-12-16 01:00:00,2024-12-17 09:00:00,33,762.0491943359375
2024-12-16 01:00:00,2024-12-17 10:00:00,34,1490.8804931640625
2024-12-16 01:00:00,2024-12-17 11:00:00,35,1105.131103515625
2024-12-16 01:00:00,2024-12-17 12:00:00,36,2578.738525390625
2024-12-16 01:00:00,2024-12-17 13:00:00,37,2568.923828125
2024-12-16 01:00:00,2024-12-17 14:00:00,38,3047.47802734375
2024-12-16 01:00:00,2024-12-17 15:00:00,39,1673.002197265625
2024-12-16 01:00:00,2024-12-17 16:00:00,40,1059.5577392578125
2024-12-16 01:00:00,2024-12-17 17:00:00,41,1345.5570068359375
2024-12-16 01:00:00,2024-12-17 18:00:00,42,40.14641189575195
2024-12-16 01:00:00,2024-12-17 19:00:00,43,-710.5250854492188
2024-12-16 01:00:00,2024-12-17 20:00:00,44,-285.7313537597656
2024-12-16 01:00:00,2024-12-17 21:00:00,45,-553.4523315429688
2024-12-16 01:00:00,2024-12-17 22:00:00,46,433.419921875
2024-12-16 01:00:00,2024-12-17 23:00:00,47,137.97923278808594
2024-12-16 01:00:00,2024-12-18 00:00:00,48,764.8564453125
2024-12-16 01:00:00,2024-12-18 01:00:00,49,1153.3489990234375
2024-12-16 01:00:00,2024-12-18 02:00:00,50,1027.6070556640625
2024-12-16 01:00:00,2024-12-18 03:00:00,51,687.1092529296875
2024-12-16 01:00:00,2024-12-18 04:00:00,52,561.665771484375
2024-12-16 01:00:00,2024-12-18 05:00:00,53,-452.8688659667969
2024-12-16 01:00:00,2024-12-18 06:00:00,54,194.27178955078125
2024-12-16 01:00:00,2024-12-18 07:00:00,55,-44.920440673828125
2024-12-16 01:00:00,2024-12-18 08:00:00,56,-18.19891357421875
2024-12-16 01:00:00,2024-12-18 09:00:00,57,529.110107421875
2024-12-16 01:00:00,2024-12-18 10:00:00,58,-1002.5881958007812
2024-12-16 01:00:00,2024-12-18 11:00:00,59,-212.6493377685547
2024-12-16 01:00:00,2024-12-18 12:00:00,60,-937.756103515625
2024-12-16 01:00:00,2024-12-18 13:00:00,61,491.5985107421875
2024-12-16 01:00:00,2024-12-18 14:00:00,62,-94.5067367553711
2024-12-16 01:00:00,2024-12-18 15:00:00,63,-631.6449584960938
2024-12-16 01:00:00,2024-12-18 16:00:00,64,-117.09200286865234
2024-12-16 01:00:00,2024-12-18 17:00:00,65,183.44589233398438
2024-12-16 01:00:00,2024-12-18 18:00:00,66,-1442.810791015625
2024-12-16 01:00:00,2024-12-18 19:00:00,67,-1216.07421875
2024-12-16 01:00:00,2024-12-18 20:00:00,68,49.66592025756836
2024-12-16 01:00:00,2024-12-18 21:00:00,69,-328.397705078125
2024-12-16 01:00:00,2024-12-18 22:00:00,70,-136.5633544921875
2024-12-16 01:00:00,2024-12-18 23:00:00,71,-418.39215087890625
2024-12-16 01:00:00,2024-12-19 00:00:00,72,-891.0715942382812
2024-12-16 01:00:00,2024-12-19 01:00:00,73,-1201.537109375
2024-12-16 01:00:00,2024-12-19 02:00:00,74,-1607.9853515625
2024-12-16 01:00:00,2024-12-19 03:00:00,75,-2230.0185546875
2024-12-16 01:00:00,2024-12-19 04:00:00,76,-2961.22900390625
2024-12-16 01:00:00,2024-12-19 05:00:00,77,-3234.791748046875
2024-12-16 01:00:00,2024-12-19 06:00:00,78,-2053.82861328125
2024-12-16 01:00:00,2024-12-19 07:00:00,79,-1150.0767822265625
2024-12-16 01:00:00,2024-12-19 08:00:00,80,-206.8899383544922
2024-12-16 01:00:00,2024-12-19 09:00:00,81,968.7672729492188
2024-12-16 01:00:00,2024-12-19 10:00:00,82,800.4697875976562
2024-12-16 01:00:00,2024-12-19 11:00:00,83,182.38674926757812
2024-12-16 01:00:00,2024-12-19 12:00:00,84,824.8218994140625
2024-12-16 01:00:00,2024-12-19 13:00:00,85,355.27783203125
2024-12-16 01:00:00,2024-12-19 14:00:00,86,931.3807373046875
2024-12-16 01:00:00,2024-12-19 15:00:00,87,-175.52593994140625
2024-12-16 01:00:00,2024-12-19 16:00:00,88,-535.5616455078125
2024-12-16 01:00:00,2024-12-19 17:00:00,89,-1911.135986328125
2024-12-16 01:00:00,2024-12-19 18:00:00,90,-1550.697509765625
2024-12-16 01:00:00,2024-12-19 19:00:00,91,-2095.57763671875
2024-12-16 01:00:00,2024-12-19 20:00:00,92,-1501.991943359375
2024-12-16 01:00:00,2024-12-19 21:00:00,93,-1297.7918701171875
2024-12-16 01:00:00,2024-12-19 22:00:00,94,-1499.556884765625
2024-12-16 01:00:00,2024-12-19 23:00:00,95,-1078.2744140625
2024-12-16 01:00:00,2024-12-20 00:00:00,96,-1479.20947265625
2024-12-16 01:00:00,2024-12-20 01:00:00,97,-1208.976318359375
2024-12-16 01:00:00,2024-12-20 02:00:00,98,65.64735412597656
2024-12-16 01:00:00,2024-12-20 03:00:00,99,-482.89508056640625
2024-12-16 01:00:00,2024-12-20 04:00:00,100,573.7315063476562
2024-12-16 01:00:00,2024-12-20 05:00:00,101,174.11264038085938
2024-12-16 01:00:00,2024-12-20 06:00:00,102,383.34271240234375
2024-12-16 01:00:00,2024-12-20 07:00:00,103,-89.82928466796875
2024-12-16 01:00:00,2024-12-20 08:00:00,104,96.68782043457031
2024-12-16 01:00:00,2024-12-20 09:00:00,105,956.7718505859375
2024-12-16 01:00:00,2024-12-20 10:00:00,106,881.6287841796875
2024-12-16 01:00:00,2024-12-20 11:00:00,107,1275.034912109375
2024-12-16 01:00:00,2024-12-20 12:00:00,108,1436.78759765625
2024-12-16 01:00:00,2024-12-20 13:00:00,109,2544.33349609375
2024-12-16 01:00:00,2024-12-20 14:00:00,110,1347.1417236328125
2024-12-16 01:00:00,2024-12-20 15:00:00,111,620.5181884765625
2024-12-16 01:00:00,2024-12-20 16:00:00,112,361.4364013671875
2024-12-16 01:00:00,2024-12-20 17:00:00,113,661.9717407226562
2024-12-16 01:00:00,2024-12-20 18:00:00,114,467.4283447265625
2024-12-16 01:00:00,2024-12-20 19:00:00,115,503.4941101074219
2024-12-16 01:00:00,2024-12-20 20:00:00,116,121.32520294189453
2024-12-16 01:00:00,2024-12-20 21:00:00,117,666.6183471679688
2024-12-16 01:00:00,2024-12-20 22:00:00,118,613.3046875
2024-12-16 01:00:00,2024-12-20 23:00:00,119,415.70281982421875
2024-12-16 01:00:00,2024-12-21 00:00:00,120,757.8206176757812
2024-12-16 01:00:00,2024-12-21 01:00:00,121,808.83056640625
2024-12-16 01:00:00,2024-12-21 02:00:00,122,1755.40185546875
2024-12-16 01:00:00,2024-12-21 03:00:00,123,149.32301330566406
2024-12-16 01:00:00,2024-12-21 04:00:00,124,479.6281433105469
2024-12-16 01:00:00,2024-12-21 05:00:00,125,-757.6253662109375
2024-12-16 01:00:00,2024-12-21 06:00:00,126,735.1571655273438
2024-12-16 01:00:00,2024-12-21 07:00:00,127,81.63774108886719
2024-12-16 01:00:00,2024-12-21 08:00:00,128,1373.3369140625
2024-12-16 01:00:00,2024-12-21 09:00:00,129,1436.84228515625
2024-12-16 01:00:00,2024-12-21 10:00:00,130,2158.494384765625
2024-12-16 01:00:00,2024-12-21 11:00:00,131,1416.8216552734375
2024-12-16 01:00:00,2024-12-21 12:00:00,132,2701.72998046875
2024-12-16 01:00:00,2024-12-21 13:00:00,133,2054.35302734375
2024-12-16 01:00:00,2024-12-21 14:00:00,134,2725.9501953125
2024-12-16 01:00:00,2024-12-21 15:00:00,135,2126.994873046875
2024-12-16 01:00:00,2024-12-21 16:00:00,136,1197.008056640625
2024-12-16 01:00:00,2024-12-21 17:00:00,137,1394.3194580078125
2024-12-16 01:00:00,2024-12-21 18:00:00,138,923.0234375
2024-12-16 01:00:00,2024-12-21 19:00:00,139,21.295682907104492
2024-12-16 01:00:00,2024-12-21 20:00:00,140,756.372802734375
2024-12-16 01:00:00,2024-12-21 21:00:00,141,-330.22674560546875
2024-12-16 01:00:00,2024-12-21 22:00:00,142,247.1656036376953
2024-12-16 01:00:00,2024-12-21 23:00:00,143,-213.14190673828125
2024-12-16 01:00:00,2024-12-22 00:00:00,144,556.35986328125
2024-12-16 01:00:00,2024-12-22 01:00:00,145,-301.9072265625
2024-12-16 01:00:00,2024-12-22 02:00:00,146,340.84857177734375
2024-12-16 01:00:00,2024-12-22 03:00:00,147,190.06610107421875
2024-12-16 01:00:00,2024-12-22 04:00:00,148,208.46803283691406
2024-12-16 01:00:00,2024-12-22 05:00:00,149,-1244.537109375
2024-12-16 01:00:00,2024-12-22 06:00:00,150,-829.9871215820312
2024-12-16 01:00:00,2024-12-22 07:00:00,151,-988.9407958984375
2024-12-16 01:00:00,2024-12-22 08:00:00,152,187.96563720703125
2024-12-16 01:00:00,2024-12-22 09:00:00,153,580.716796875
2024-12-16 01:00:00,2024-12-22 10:00:00,154,-283.2758483886719
2024-12-16 01:00:00,2024-12-22 11:00:00,155,-422.7115173339844
2024-12-16 01:00:00,2024-12-22 12:00:00,156,-1481.69189453125
2024-12-16 01:00:00,2024-12-22 13:00:00,157,-557.3123779296875
2024-12-16 01:00:00,2024-12-22 14:00:00,158,-668.7025146484375
2024-12-16 01:00:00,2024-12-22 15:00:00,159,-525.8311157226562
2024-12-16 01:00:00,2024-12-22 16:00:00,160,-834.1454467773438
2024-12-16 01:00:00,2024-12-22 17:00:00,161,-1502.88232421875
2024-12-16 01:00:00,2024-12-22 18:00:00,162,-1701.2705078125
2024-12-16 01:00:00,2024-12-22 19:00:00,163,-1340.5048828125
2024-12-16 01:00:00,2024-12-22 20:00:00,164,-1028.7852783203125
2024-12-16 01:00:00,2024-12-22 21:00:00,165,-1296.755615234375
2024-12-16 01:00:00,2024-12-22 22:00:00,166,-387.3931884765625
2024-12-16 01:00:00,2024-12-22 23:00:00,167,-844.19921875
2024-12-16 01:00:00,2024-12-23 00:00:00,168,-340.56768798828125
