window,hours,mae,mse,bias,origin,rmse,stream
1,168,36.94222734549783,3682.74766164586,-27.16538677656058,2025-01-13 01:00:00,60.68564625713283,sarimax_frozen_clip
2,168,39.34864262673292,5260.372014494211,-33.6677012505582,2025-01-20 01:00:00,72.52842211501785,sarimax_frozen_clip
3,168,19.44258172610278,759.1781629849644,14.083999968740741,2025-01-27 01:00:00,27.553187891512017,sarimax_frozen_clip
4,168,12.420867488076814,246.81462722259403,-4.796199515148483,2025-02-03 01:00:00,15.710335044886662,sarimax_frozen_clip
5,168,31.551843383795845,2294.240480741896,-15.863495171010129,2025-02-10 01:00:00,47.898230455225544,sarimax_frozen_clip
6,168,12.043404646111153,353.1994363435884,4.90154849164284,2025-02-17 01:00:00,18.793600941373327,sarimax_frozen_clip
7,168,67.2541802251293,11200.948093188299,-59.68946270208469,2025-02-24 01:00:00,105.83453166707122,sarimax_frozen_clip
8,120,37.98030626343392,2094.222606350128,-7.3507415599557495,2025-03-03 01:00:00,45.76267700157114,sarimax_frozen_clip
9,168,38.090383407271965,3131.811144339658,-20.13570976350575,2025-03-10 01:00:00,55.96258700542406,sarimax_frozen_clip
10,168,24.005010161992416,1051.9533079384391,9.803281896919009,2025-03-17 01:00:00,32.43382968350237,sarimax_frozen_clip
11,120,12.543603514668382,338.62940916443137,8.367071186393664,2025-03-24 01:00:00,18.401886021938928,sarimax_frozen_clip
12,48,39.84291588328494,2575.5960058719825,-31.070392956377848,2025-03-31 01:00:00,50.750330106039534,sarimax_frozen_clip
13,168,34.287825679146614,2017.909636825767,-30.656880414070272,2025-04-07 01:00:00,44.92114910402189,sarimax_frozen_clip
14,144,45.066368734402225,3903.041522564457,-44.71457534279721,2025-04-14 01:00:00,62.474326907654294,sarimax_frozen_clip
15,168,34.54474124611033,2859.8871195793345,-32.186057810296106,2025-04-21 01:00:00,53.47791244597469,sarimax_frozen_clip
16,168,16.691892710618443,504.97859461784094,-12.630529072053431,2025-04-28 01:00:00,22.47172878569517,sarimax_frozen_clip
17,168,36.92620344708451,2664.0035051665072,-32.89282438637577,2025-05-05 01:00:00,51.613985557855415,sarimax_frozen_clip
18,168,46.630290363683876,3729.770455317802,-40.92290715429756,2025-05-12 01:00:00,61.071846667001985,sarimax_frozen_clip
19,168,54.070702661884106,5739.187392389669,-40.44116189351472,2025-05-19 01:00:00,75.75742466840903,sarimax_frozen_clip
20,168,39.73060596703018,2090.585470183497,-35.43981421613135,2025-05-26 01:00:00,45.72292062175706,sarimax_frozen_clip
21,168,43.6365368984324,2492.1097656399643,-10.552187916394129,2025-06-02 01:00:00,49.9210353021646,sarimax_frozen_clip
22,168,30.433636285727786,1267.532428035317,2.752573755568361,2025-06-09 01:00:00,35.60242165970339,sarimax_frozen_clip
23,168,11.348705490424,206.67230306777856,5.564135744068516,2025-06-16 01:00:00,14.376101803610691,sarimax_frozen_clip
